<?xml version='1.0' encoding='UTF-8' standalone='no'?>
<doxygen xmlns:xsi="http://www.w3.org/2001/XMLSchema-instance" xsi:noNamespaceSchemaLocation="compound.xsd" version="1.8.15">
  <compounddef id="button__helper_8h" kind="file" language="C++">
    <compoundname>button_helper.h</compoundname>
    <includes local="no">Arduino.h</includes>
    <includedby refid="button__helper_8cpp" local="yes">C:/Users/Dhananjay/Documents/Arduino/ESP32FTP_FILE_TRANSFER/button_helper.cpp</includedby>
    <incdepgraph>
      <node id="4">
        <label>C:/Users/Dhananjay/Documents/Arduino/ESP32FTP_FILE_TRANSFER/button_helper.h</label>
        <link refid="button__helper_8h"/>
        <childnode refid="5" relation="include">
        </childnode>
      </node>
      <node id="5">
        <label>Arduino.h</label>
      </node>
    </incdepgraph>
    <invincdepgraph>
      <node id="7">
        <label>C:/Users/Dhananjay/Documents/Arduino/ESP32FTP_FILE_TRANSFER/button_helper.cpp</label>
        <link refid="button__helper_8cpp"/>
      </node>
      <node id="6">
        <label>C:/Users/Dhananjay/Documents/Arduino/ESP32FTP_FILE_TRANSFER/button_helper.h</label>
        <link refid="button__helper_8h"/>
        <childnode refid="7" relation="include">
        </childnode>
      </node>
    </invincdepgraph>
      <sectiondef kind="define">
      <memberdef kind="define" id="button__helper_8h_1ab2544a222ee62e3773e2ea4eb697aade" prot="public" static="no">
        <name>BOTTON_1</name>
        <initializer>34</initializer>
        <briefdescription>
        </briefdescription>
        <detaileddescription>
<para>Button 1 gpio definat.io </para>
        </detaileddescription>
        <inbodydescription>
        </inbodydescription>
        <location file="C:/Users/Dhananjay/Documents/Arduino/ESP32FTP_FILE_TRANSFER/button_helper.h" line="15" column="9" bodyfile="C:/Users/Dhananjay/Documents/Arduino/ESP32FTP_FILE_TRANSFER/button_helper.h" bodystart="15" bodyend="-1"/>
      </memberdef>
      <memberdef kind="define" id="button__helper_8h_1a7355c8a798e08b5ed57e91e3d4ab0de8" prot="public" static="no">
        <name>BOTTON_2</name>
        <initializer>35</initializer>
        <briefdescription>
        </briefdescription>
        <detaileddescription>
<para>Button 2 gpio definat.io </para>
        </detaileddescription>
        <inbodydescription>
        </inbodydescription>
        <location file="C:/Users/Dhananjay/Documents/Arduino/ESP32FTP_FILE_TRANSFER/button_helper.h" line="17" column="9" bodyfile="C:/Users/Dhananjay/Documents/Arduino/ESP32FTP_FILE_TRANSFER/button_helper.h" bodystart="17" bodyend="-1"/>
      </memberdef>
      <memberdef kind="define" id="button__helper_8h_1a94800332063d50d6ae930cbdc8f0f711" prot="public" static="no">
        <name>DEBAUNCE_DELAY</name>
        <initializer>50</initializer>
        <briefdescription>
        </briefdescription>
        <detaileddescription>
<para>Buttons debaunce delay </para>
        </detaileddescription>
        <inbodydescription>
        </inbodydescription>
        <location file="C:/Users/Dhananjay/Documents/Arduino/ESP32FTP_FILE_TRANSFER/button_helper.h" line="19" column="9" bodyfile="C:/Users/Dhananjay/Documents/Arduino/ESP32FTP_FILE_TRANSFER/button_helper.h" bodystart="19" bodyend="-1"/>
      </memberdef>
      </sectiondef>
      <sectiondef kind="func">
      <memberdef kind="function" id="button__helper_8h_1a27d3ba5afb772cc36c9a432c28975ace" prot="public" static="no" const="no" explicit="no" inline="no" virt="non-virtual">
        <type>void</type>
        <definition>void initButtons</definition>
        <argsstring>()</argsstring>
        <name>initButtons</name>
        <briefdescription>
<para>Initialize button GPIO. </para>
        </briefdescription>
        <detaileddescription>
<para><simplesect kind="return"><para>void </para>
</simplesect>
</para>
        </detaileddescription>
        <inbodydescription>
        </inbodydescription>
        <location file="C:/Users/Dhananjay/Documents/Arduino/ESP32FTP_FILE_TRANSFER/button_helper.h" line="21" column="1" bodyfile="C:/Users/Dhananjay/Documents/Arduino/ESP32FTP_FILE_TRANSFER/button_helper.cpp" bodystart="35" bodyend="42"/>
        <references refid="button__helper_8h_1ab2544a222ee62e3773e2ea4eb697aade" compoundref="button__helper_8h" startline="15">BOTTON_1</references>
        <references refid="button__helper_8h_1a7355c8a798e08b5ed57e91e3d4ab0de8" compoundref="button__helper_8h" startline="17">BOTTON_2</references>
        <references refid="button__helper_8cpp_1a66e60cb3c3d966632378318183ac51d3" compoundref="button__helper_8cpp" startline="18" endline="21">isr1</references>
        <references refid="button__helper_8cpp_1a656c4642beaf65b8c055743869171a2e" compoundref="button__helper_8cpp" startline="27" endline="29">isr2</references>
      </memberdef>
      <memberdef kind="function" id="button__helper_8h_1a9132d2b77dcb7135447679697979745e" prot="public" static="no" const="no" explicit="no" inline="no" virt="non-virtual">
        <type>bool</type>
        <definition>bool isButtonPressed</definition>
        <argsstring>(uint8_t button)</argsstring>
        <name>isButtonPressed</name>
        <param>
          <type>uint8_t</type>
          <declname>button</declname>
        </param>
        <briefdescription>
<para>Get the button pressed state. </para>
        </briefdescription>
        <detaileddescription>
<para>this function read flag <emphasis>button1pressed</emphasis> and <emphasis>button2pressed</emphasis> which is set by ISR. in this function this flag are get cleared.</para>
<para><parameterlist kind="param"><parameteritem>
<parameternamelist>
<parametername>button</parametername>
</parameternamelist>
<parameterdescription>
<para>BOTTON_1/BOTTON_2</para>
</parameterdescription>
</parameteritem>
</parameterlist>
<simplesect kind="return"><para>true if button pressed/ false if no button pressed </para>
</simplesect>
</para>
        </detaileddescription>
        <inbodydescription>
        </inbodydescription>
        <location file="C:/Users/Dhananjay/Documents/Arduino/ESP32FTP_FILE_TRANSFER/button_helper.h" line="22" column="1" bodyfile="C:/Users/Dhananjay/Documents/Arduino/ESP32FTP_FILE_TRANSFER/button_helper.cpp" bodystart="53" bodyend="83"/>
        <references refid="button__helper_8h_1ab2544a222ee62e3773e2ea4eb697aade" compoundref="button__helper_8h" startline="15">BOTTON_1</references>
      </memberdef>
      </sectiondef>
    <briefdescription>
<para>Function prototypes for the SD card helpers. </para>
    </briefdescription>
    <detaileddescription>
<para>This contains the prototypes for the SD card functionalities and eventually any macros, constants, or global variables you will need.</para>
<para><simplesect kind="author"><para>Dhananjay Khairnar </para>
</simplesect>
</para>
    </detaileddescription>
    <programlisting>
<codeline lineno="1"></codeline>
<codeline lineno="10"><highlight class="preprocessor">#ifndef<sp/>__BUTTON_HELPER_H</highlight><highlight class="normal"></highlight></codeline>
<codeline lineno="11"><highlight class="normal"></highlight><highlight class="preprocessor">#define<sp/>__BUTTON_HELPER_H</highlight><highlight class="normal"></highlight></codeline>
<codeline lineno="12"><highlight class="normal"></highlight><highlight class="preprocessor">#include<sp/>&lt;Arduino.h&gt;</highlight><highlight class="normal"></highlight></codeline>
<codeline lineno="13"><highlight class="normal"></highlight></codeline>
<codeline lineno="15" refid="button__helper_8h_1ab2544a222ee62e3773e2ea4eb697aade" refkind="member"><highlight class="preprocessor">#define<sp/>BOTTON_1<sp/>34</highlight><highlight class="normal"></highlight></codeline>
<codeline lineno="16"><highlight class="normal"></highlight></codeline>
<codeline lineno="17" refid="button__helper_8h_1a7355c8a798e08b5ed57e91e3d4ab0de8" refkind="member"><highlight class="preprocessor">#define<sp/>BOTTON_2<sp/>35</highlight><highlight class="normal"></highlight></codeline>
<codeline lineno="18"><highlight class="normal"></highlight></codeline>
<codeline lineno="19" refid="button__helper_8h_1a94800332063d50d6ae930cbdc8f0f711" refkind="member"><highlight class="preprocessor">#define<sp/>DEBAUNCE_DELAY<sp/>50</highlight><highlight class="normal"></highlight></codeline>
<codeline lineno="20"><highlight class="normal"></highlight></codeline>
<codeline lineno="21"><highlight class="normal"></highlight><highlight class="keywordtype">void</highlight><highlight class="normal"><sp/><ref refid="button__helper_8h_1a27d3ba5afb772cc36c9a432c28975ace" kindref="member">initButtons</ref>();</highlight></codeline>
<codeline lineno="22"><highlight class="normal"></highlight><highlight class="keywordtype">bool</highlight><highlight class="normal"><sp/><ref refid="button__helper_8h_1a9132d2b77dcb7135447679697979745e" kindref="member">isButtonPressed</ref>(uint8_t<sp/>button);</highlight></codeline>
<codeline lineno="23"><highlight class="normal"></highlight><highlight class="preprocessor">#endif</highlight></codeline>
    </programlisting>
    <location file="C:/Users/Dhananjay/Documents/Arduino/ESP32FTP_FILE_TRANSFER/button_helper.h"/>
  </compounddef>
</doxygen>
