<?xml version='1.0' encoding='UTF-8' standalone='no'?>
<doxygen xmlns:xsi="http://www.w3.org/2001/XMLSchema-instance" xsi:noNamespaceSchemaLocation="compound.xsd" version="1.8.15">
  <compounddef id="button__helper_8cpp" kind="file" language="C++">
    <compoundname>button_helper.cpp</compoundname>
    <includes refid="button__helper_8h" local="yes">button_helper.h</includes>
    <incdepgraph>
      <node id="0">
        <label>C:/Users/Dhananjay/Documents/Arduino/ESP32FTP_FILE_TRANSFER/button_helper.cpp</label>
        <link refid="button__helper_8cpp"/>
        <childnode refid="1" relation="include">
        </childnode>
      </node>
      <node id="1">
        <label>button_helper.h</label>
        <link refid="button__helper_8h"/>
        <childnode refid="2" relation="include">
        </childnode>
      </node>
      <node id="2">
        <label>Arduino.h</label>
      </node>
    </incdepgraph>
      <sectiondef kind="var">
      <memberdef kind="variable" id="button__helper_8cpp_1a6e379f50b9d24eaed09d0af9d730f0fc" prot="public" static="no" mutable="no">
        <type>uint8_t</type>
        <definition>uint8_t button1pressed</definition>
        <argsstring></argsstring>
        <name>button1pressed</name>
        <initializer>= 0</initializer>
        <briefdescription>
        </briefdescription>
        <detaileddescription>
        </detaileddescription>
        <inbodydescription>
        </inbodydescription>
        <location file="C:/Users/Dhananjay/Documents/Arduino/ESP32FTP_FILE_TRANSFER/button_helper.cpp" line="11" column="1" bodyfile="C:/Users/Dhananjay/Documents/Arduino/ESP32FTP_FILE_TRANSFER/button_helper.cpp" bodystart="11" bodyend="-1"/>
      </memberdef>
      <memberdef kind="variable" id="button__helper_8cpp_1a0ac4d4a1c8b3a45b44e7fa8b563dbbfb" prot="public" static="no" mutable="no">
        <type>uint8_t</type>
        <definition>uint8_t button2pressed</definition>
        <argsstring></argsstring>
        <name>button2pressed</name>
        <initializer>= 0</initializer>
        <briefdescription>
        </briefdescription>
        <detaileddescription>
        </detaileddescription>
        <inbodydescription>
        </inbodydescription>
        <location file="C:/Users/Dhananjay/Documents/Arduino/ESP32FTP_FILE_TRANSFER/button_helper.cpp" line="12" column="1" bodyfile="C:/Users/Dhananjay/Documents/Arduino/ESP32FTP_FILE_TRANSFER/button_helper.cpp" bodystart="12" bodyend="-1"/>
      </memberdef>
      </sectiondef>
      <sectiondef kind="func">
      <memberdef kind="function" id="button__helper_8cpp_1a66e60cb3c3d966632378318183ac51d3" prot="public" static="no" const="no" explicit="no" inline="no" virt="non-virtual">
        <type>void IRAM_ATTR</type>
        <definition>void IRAM_ATTR isr1</definition>
        <argsstring>()</argsstring>
        <name>isr1</name>
        <briefdescription>
<para>ISR for button 1 press event. </para>
        </briefdescription>
        <detaileddescription>
<para><simplesect kind="return"><para>void </para>
</simplesect>
</para>
        </detaileddescription>
        <inbodydescription>
        </inbodydescription>
        <location file="C:/Users/Dhananjay/Documents/Arduino/ESP32FTP_FILE_TRANSFER/button_helper.cpp" line="18" column="1" bodyfile="C:/Users/Dhananjay/Documents/Arduino/ESP32FTP_FILE_TRANSFER/button_helper.cpp" bodystart="18" bodyend="21"/>
        <referencedby refid="button__helper_8h_1a27d3ba5afb772cc36c9a432c28975ace" compoundref="button__helper_8cpp" startline="35" endline="42">initButtons</referencedby>
      </memberdef>
      <memberdef kind="function" id="button__helper_8cpp_1a656c4642beaf65b8c055743869171a2e" prot="public" static="no" const="no" explicit="no" inline="no" virt="non-virtual">
        <type>void IRAM_ATTR</type>
        <definition>void IRAM_ATTR isr2</definition>
        <argsstring>()</argsstring>
        <name>isr2</name>
        <briefdescription>
<para>ISR for button 2 press event. </para>
        </briefdescription>
        <detaileddescription>
<para><simplesect kind="return"><para>void </para>
</simplesect>
</para>
        </detaileddescription>
        <inbodydescription>
        </inbodydescription>
        <location file="C:/Users/Dhananjay/Documents/Arduino/ESP32FTP_FILE_TRANSFER/button_helper.cpp" line="27" column="1" bodyfile="C:/Users/Dhananjay/Documents/Arduino/ESP32FTP_FILE_TRANSFER/button_helper.cpp" bodystart="27" bodyend="29"/>
        <referencedby refid="button__helper_8h_1a27d3ba5afb772cc36c9a432c28975ace" compoundref="button__helper_8cpp" startline="35" endline="42">initButtons</referencedby>
      </memberdef>
      <memberdef kind="function" id="button__helper_8cpp_1a27d3ba5afb772cc36c9a432c28975ace" prot="public" static="no" const="no" explicit="no" inline="no" virt="non-virtual">
        <type>void</type>
        <definition>void initButtons</definition>
        <argsstring>()</argsstring>
        <name>initButtons</name>
        <briefdescription>
<para>Initialize button GPIO. </para>
        </briefdescription>
        <detaileddescription>
<para><simplesect kind="return"><para>void </para>
</simplesect>
</para>
        </detaileddescription>
        <inbodydescription>
        </inbodydescription>
        <location file="C:/Users/Dhananjay/Documents/Arduino/ESP32FTP_FILE_TRANSFER/button_helper.cpp" line="35" column="1" bodyfile="C:/Users/Dhananjay/Documents/Arduino/ESP32FTP_FILE_TRANSFER/button_helper.cpp" bodystart="35" bodyend="42"/>
        <references refid="button__helper_8h_1ab2544a222ee62e3773e2ea4eb697aade" compoundref="button__helper_8h" startline="15">BOTTON_1</references>
        <references refid="button__helper_8h_1a7355c8a798e08b5ed57e91e3d4ab0de8" compoundref="button__helper_8h" startline="17">BOTTON_2</references>
        <references refid="button__helper_8cpp_1a66e60cb3c3d966632378318183ac51d3" compoundref="button__helper_8cpp" startline="18" endline="21">isr1</references>
        <references refid="button__helper_8cpp_1a656c4642beaf65b8c055743869171a2e" compoundref="button__helper_8cpp" startline="27" endline="29">isr2</references>
      </memberdef>
      <memberdef kind="function" id="button__helper_8cpp_1a9132d2b77dcb7135447679697979745e" prot="public" static="no" const="no" explicit="no" inline="no" virt="non-virtual">
        <type>bool</type>
        <definition>bool isButtonPressed</definition>
        <argsstring>(uint8_t button)</argsstring>
        <name>isButtonPressed</name>
        <param>
          <type>uint8_t</type>
          <declname>button</declname>
        </param>
        <briefdescription>
<para>Get the button pressed state. </para>
        </briefdescription>
        <detaileddescription>
<para>this function read flag <emphasis>button1pressed</emphasis> and <emphasis>button2pressed</emphasis> which is set by ISR. in this function this flag are get cleared.</para>
<para><parameterlist kind="param"><parameteritem>
<parameternamelist>
<parametername>button</parametername>
</parameternamelist>
<parameterdescription>
<para>BOTTON_1/BOTTON_2</para>
</parameterdescription>
</parameteritem>
</parameterlist>
<simplesect kind="return"><para>true if button pressed/ false if no button pressed </para>
</simplesect>
</para>
        </detaileddescription>
        <inbodydescription>
        </inbodydescription>
        <location file="C:/Users/Dhananjay/Documents/Arduino/ESP32FTP_FILE_TRANSFER/button_helper.cpp" line="53" column="1" bodyfile="C:/Users/Dhananjay/Documents/Arduino/ESP32FTP_FILE_TRANSFER/button_helper.cpp" bodystart="53" bodyend="83"/>
        <references refid="button__helper_8h_1ab2544a222ee62e3773e2ea4eb697aade" compoundref="button__helper_8h" startline="15">BOTTON_1</references>
      </memberdef>
      </sectiondef>
    <briefdescription>
<para>Function implimentation for the SD card helpers. </para>
    </briefdescription>
    <detaileddescription>
<para>This contains the implimentation for the SD card functionalities.</para>
<para><simplesect kind="author"><para>Dhananjay Khairnar </para>
</simplesect>
</para>
    </detaileddescription>
    <programlisting>
<codeline lineno="1"></codeline>
<codeline lineno="9"><highlight class="preprocessor">#include<sp/>&quot;<ref refid="button__helper_8h" kindref="compound">button_helper.h</ref>&quot;</highlight><highlight class="normal"></highlight></codeline>
<codeline lineno="10"><highlight class="normal"></highlight></codeline>
<codeline lineno="11"><highlight class="normal">uint8_t<sp/>button1pressed<sp/>=<sp/>0;</highlight></codeline>
<codeline lineno="12"><highlight class="normal">uint8_t<sp/>button2pressed<sp/>=<sp/>0;</highlight></codeline>
<codeline lineno="13"><highlight class="normal"></highlight></codeline>
<codeline lineno="18" refid="button__helper_8cpp_1a66e60cb3c3d966632378318183ac51d3" refkind="member"><highlight class="keywordtype">void</highlight><highlight class="normal"><sp/>IRAM_ATTR<sp/><ref refid="button__helper_8cpp_1a66e60cb3c3d966632378318183ac51d3" kindref="member">isr1</ref>()<sp/></highlight></codeline>
<codeline lineno="19"><highlight class="normal">{</highlight></codeline>
<codeline lineno="20"><highlight class="normal"><sp/><sp/>button1pressed<sp/>+=<sp/>1;</highlight></codeline>
<codeline lineno="21"><highlight class="normal">}</highlight></codeline>
<codeline lineno="22"><highlight class="normal"></highlight></codeline>
<codeline lineno="27" refid="button__helper_8cpp_1a656c4642beaf65b8c055743869171a2e" refkind="member"><highlight class="keywordtype">void</highlight><highlight class="normal"><sp/>IRAM_ATTR<sp/><ref refid="button__helper_8cpp_1a656c4642beaf65b8c055743869171a2e" kindref="member">isr2</ref>()<sp/>{</highlight></codeline>
<codeline lineno="28"><highlight class="normal"><sp/><sp/>button2pressed<sp/>+=<sp/>1;</highlight></codeline>
<codeline lineno="29"><highlight class="normal">}</highlight></codeline>
<codeline lineno="30"><highlight class="normal"></highlight></codeline>
<codeline lineno="35" refid="button__helper_8h_1a27d3ba5afb772cc36c9a432c28975ace" refkind="member"><highlight class="keywordtype">void</highlight><highlight class="normal"><sp/><ref refid="button__helper_8cpp_1a27d3ba5afb772cc36c9a432c28975ace" kindref="member">initButtons</ref>()</highlight></codeline>
<codeline lineno="36"><highlight class="normal">{</highlight></codeline>
<codeline lineno="37"><highlight class="normal"><sp/><sp/>pinMode(<ref refid="button__helper_8h_1ab2544a222ee62e3773e2ea4eb697aade" kindref="member">BOTTON_1</ref>,<sp/>INPUT_PULLUP);</highlight></codeline>
<codeline lineno="38"><highlight class="normal"><sp/><sp/>attachInterrupt(<ref refid="button__helper_8h_1ab2544a222ee62e3773e2ea4eb697aade" kindref="member">BOTTON_1</ref>,<sp/><ref refid="button__helper_8cpp_1a66e60cb3c3d966632378318183ac51d3" kindref="member">isr1</ref>,<sp/>FALLING);</highlight></codeline>
<codeline lineno="39"><highlight class="normal"></highlight></codeline>
<codeline lineno="40"><highlight class="normal"><sp/><sp/>pinMode(<ref refid="button__helper_8h_1a7355c8a798e08b5ed57e91e3d4ab0de8" kindref="member">BOTTON_2</ref>,<sp/>INPUT_PULLUP);</highlight></codeline>
<codeline lineno="41"><highlight class="normal"><sp/><sp/>attachInterrupt(<ref refid="button__helper_8h_1a7355c8a798e08b5ed57e91e3d4ab0de8" kindref="member">BOTTON_2</ref>,<sp/><ref refid="button__helper_8cpp_1a656c4642beaf65b8c055743869171a2e" kindref="member">isr2</ref>,<sp/>FALLING);</highlight></codeline>
<codeline lineno="42"><highlight class="normal">}</highlight></codeline>
<codeline lineno="43"><highlight class="normal"></highlight></codeline>
<codeline lineno="53" refid="button__helper_8h_1a9132d2b77dcb7135447679697979745e" refkind="member"><highlight class="keywordtype">bool</highlight><highlight class="normal"><sp/><ref refid="button__helper_8cpp_1a9132d2b77dcb7135447679697979745e" kindref="member">isButtonPressed</ref>(uint8_t<sp/>button)</highlight></codeline>
<codeline lineno="54"><highlight class="normal">{</highlight></codeline>
<codeline lineno="55"><highlight class="normal"><sp/><sp/></highlight><highlight class="keywordflow">if</highlight><highlight class="normal"><sp/>(<ref refid="button__helper_8h_1ab2544a222ee62e3773e2ea4eb697aade" kindref="member">BOTTON_1</ref><sp/>==<sp/>button)</highlight></codeline>
<codeline lineno="56"><highlight class="normal"><sp/><sp/>{</highlight></codeline>
<codeline lineno="57"><highlight class="normal"><sp/><sp/><sp/><sp/></highlight><highlight class="keywordflow">if</highlight><highlight class="normal"><sp/>(button1pressed<sp/>&gt;<sp/>0)</highlight></codeline>
<codeline lineno="58"><highlight class="normal"><sp/><sp/><sp/><sp/>{</highlight></codeline>
<codeline lineno="59"><highlight class="normal"><sp/><sp/><sp/><sp/><sp/><sp/>delay(<ref refid="button__helper_8h_1a94800332063d50d6ae930cbdc8f0f711" kindref="member">DEBAUNCE_DELAY</ref>);</highlight></codeline>
<codeline lineno="60"><highlight class="normal"><sp/><sp/><sp/><sp/><sp/><sp/>button1pressed<sp/>=<sp/>0;</highlight></codeline>
<codeline lineno="61"><highlight class="normal"><sp/><sp/><sp/><sp/><sp/><sp/></highlight><highlight class="keywordflow">return</highlight><highlight class="normal"><sp/></highlight><highlight class="keyword">true</highlight><highlight class="normal">;</highlight></codeline>
<codeline lineno="62"><highlight class="normal"><sp/><sp/><sp/><sp/>}</highlight></codeline>
<codeline lineno="63"><highlight class="normal"><sp/><sp/><sp/><sp/></highlight><highlight class="keywordflow">else</highlight><highlight class="normal"></highlight></codeline>
<codeline lineno="64"><highlight class="normal"><sp/><sp/><sp/><sp/>{</highlight></codeline>
<codeline lineno="65"><highlight class="normal"><sp/><sp/><sp/><sp/><sp/><sp/></highlight><highlight class="keywordflow">return</highlight><highlight class="normal"><sp/></highlight><highlight class="keyword">false</highlight><highlight class="normal">;</highlight></codeline>
<codeline lineno="66"><highlight class="normal"><sp/><sp/><sp/><sp/>}</highlight></codeline>
<codeline lineno="67"><highlight class="normal"><sp/><sp/>}</highlight></codeline>
<codeline lineno="68"><highlight class="normal"></highlight></codeline>
<codeline lineno="69"><highlight class="normal"><sp/><sp/></highlight><highlight class="keywordflow">if</highlight><highlight class="normal"><sp/>(<ref refid="button__helper_8h_1a7355c8a798e08b5ed57e91e3d4ab0de8" kindref="member">BOTTON_2</ref><sp/>==<sp/>button)</highlight></codeline>
<codeline lineno="70"><highlight class="normal"><sp/><sp/>{</highlight></codeline>
<codeline lineno="71"><highlight class="normal"><sp/><sp/><sp/><sp/></highlight><highlight class="keywordflow">if</highlight><highlight class="normal"><sp/>(button2pressed<sp/>&gt;<sp/>0)</highlight></codeline>
<codeline lineno="72"><highlight class="normal"><sp/><sp/><sp/><sp/>{</highlight></codeline>
<codeline lineno="73"><highlight class="normal"><sp/><sp/><sp/><sp/><sp/><sp/>delay(<ref refid="button__helper_8h_1a94800332063d50d6ae930cbdc8f0f711" kindref="member">DEBAUNCE_DELAY</ref>);</highlight></codeline>
<codeline lineno="74"><highlight class="normal"><sp/><sp/><sp/><sp/><sp/><sp/>button2pressed<sp/>=<sp/>0;</highlight></codeline>
<codeline lineno="75"><highlight class="normal"><sp/><sp/><sp/><sp/><sp/><sp/></highlight><highlight class="keywordflow">return</highlight><highlight class="normal"><sp/></highlight><highlight class="keyword">true</highlight><highlight class="normal">;</highlight></codeline>
<codeline lineno="76"><highlight class="normal"><sp/><sp/><sp/><sp/>}</highlight></codeline>
<codeline lineno="77"><highlight class="normal"><sp/><sp/><sp/><sp/></highlight><highlight class="keywordflow">else</highlight><highlight class="normal"></highlight></codeline>
<codeline lineno="78"><highlight class="normal"><sp/><sp/><sp/><sp/>{</highlight></codeline>
<codeline lineno="79"><highlight class="normal"><sp/><sp/><sp/><sp/><sp/><sp/></highlight><highlight class="keywordflow">return</highlight><highlight class="normal"><sp/></highlight><highlight class="keyword">false</highlight><highlight class="normal">;</highlight></codeline>
<codeline lineno="80"><highlight class="normal"><sp/><sp/><sp/><sp/>}</highlight></codeline>
<codeline lineno="81"><highlight class="normal"><sp/><sp/>}</highlight></codeline>
<codeline lineno="82"><highlight class="normal"><sp/><sp/></highlight><highlight class="keywordflow">return</highlight><highlight class="normal"><sp/></highlight><highlight class="keyword">false</highlight><highlight class="normal">;</highlight></codeline>
<codeline lineno="83"><highlight class="normal">}</highlight></codeline>
<codeline lineno="84"><highlight class="normal"></highlight></codeline>
    </programlisting>
    <location file="C:/Users/Dhananjay/Documents/Arduino/ESP32FTP_FILE_TRANSFER/button_helper.cpp"/>
  </compounddef>
</doxygen>
