<?xml version='1.0' encoding='UTF-8' standalone='no'?>
<doxygen xmlns:xsi="http://www.w3.org/2001/XMLSchema-instance" xsi:noNamespaceSchemaLocation="compound.xsd" version="1.8.15">
  <compounddef id="_s_d__card__helper_8h" kind="file" language="C++">
    <compoundname>SD_card_helper.h</compoundname>
    <includes local="no">Arduino.h</includes>
    <includes local="yes">FS.h</includes>
    <includes local="yes">SD.h</includes>
    <includes local="yes">SPI.h</includes>
    <includes local="yes">EEPROM.h</includes>
    <includedby refid="crc32_8cpp" local="yes">C:/Users/Dhananjay/Documents/Arduino/ESP32FTP_FILE_TRANSFER/crc32.cpp</includedby>
    <includedby refid="_s_d__card__helper_8cpp" local="yes">C:/Users/Dhananjay/Documents/Arduino/ESP32FTP_FILE_TRANSFER/SD_card_helper.cpp</includedby>
    <includedby refid="simple__ftp__client_8cpp" local="yes">C:/Users/Dhananjay/Documents/Arduino/ESP32FTP_FILE_TRANSFER/simple_ftp_client.cpp</includedby>
    <incdepgraph>
      <node id="40">
        <label>SD.h</label>
      </node>
      <node id="37">
        <label>C:/Users/Dhananjay/Documents/Arduino/ESP32FTP_FILE_TRANSFER/SD_card_helper.h</label>
        <link refid="_s_d__card__helper_8h"/>
        <childnode refid="38" relation="include">
        </childnode>
        <childnode refid="39" relation="include">
        </childnode>
        <childnode refid="40" relation="include">
        </childnode>
        <childnode refid="41" relation="include">
        </childnode>
        <childnode refid="42" relation="include">
        </childnode>
      </node>
      <node id="39">
        <label>FS.h</label>
      </node>
      <node id="41">
        <label>SPI.h</label>
      </node>
      <node id="38">
        <label>Arduino.h</label>
      </node>
      <node id="42">
        <label>EEPROM.h</label>
      </node>
    </incdepgraph>
    <invincdepgraph>
      <node id="43">
        <label>C:/Users/Dhananjay/Documents/Arduino/ESP32FTP_FILE_TRANSFER/SD_card_helper.h</label>
        <link refid="_s_d__card__helper_8h"/>
        <childnode refid="44" relation="include">
        </childnode>
        <childnode refid="45" relation="include">
        </childnode>
        <childnode refid="46" relation="include">
        </childnode>
      </node>
      <node id="46">
        <label>C:/Users/Dhananjay/Documents/Arduino/ESP32FTP_FILE_TRANSFER/simple_ftp_client.cpp</label>
        <link refid="simple__ftp__client_8cpp"/>
      </node>
      <node id="44">
        <label>C:/Users/Dhananjay/Documents/Arduino/ESP32FTP_FILE_TRANSFER/crc32.cpp</label>
        <link refid="crc32_8cpp"/>
      </node>
      <node id="45">
        <label>C:/Users/Dhananjay/Documents/Arduino/ESP32FTP_FILE_TRANSFER/SD_card_helper.cpp</label>
        <link refid="_s_d__card__helper_8cpp"/>
      </node>
    </invincdepgraph>
      <sectiondef kind="define">
      <memberdef kind="define" id="_s_d__card__helper_8h_1ae3ef7bba113f663df6996f286b632a3f" prot="public" static="no">
        <name>EEPROM_SIZE</name>
        <initializer>128</initializer>
        <briefdescription>
        </briefdescription>
        <detaileddescription>
<para>Maximum size of EEPROM we are using </para>
        </detaileddescription>
        <inbodydescription>
        </inbodydescription>
        <location file="C:/Users/Dhananjay/Documents/Arduino/ESP32FTP_FILE_TRANSFER/SD_card_helper.h" line="19" column="9" bodyfile="C:/Users/Dhananjay/Documents/Arduino/ESP32FTP_FILE_TRANSFER/SD_card_helper.h" bodystart="19" bodyend="-1"/>
      </memberdef>
      <memberdef kind="define" id="_s_d__card__helper_8h_1a236e9617987f76de6010b063293052c8" prot="public" static="no">
        <name>SDCARD_LOG</name>
        <briefdescription>
        </briefdescription>
        <detaileddescription>
<para>Comment this macro to disabl sdcard file logs </para>
        </detaileddescription>
        <inbodydescription>
        </inbodydescription>
        <location file="C:/Users/Dhananjay/Documents/Arduino/ESP32FTP_FILE_TRANSFER/SD_card_helper.h" line="21" column="9" bodyfile="C:/Users/Dhananjay/Documents/Arduino/ESP32FTP_FILE_TRANSFER/SD_card_helper.h" bodystart="21" bodyend="-1"/>
      </memberdef>
      <memberdef kind="define" id="_s_d__card__helper_8h_1ac05356cc615ae2dc201875005b77f638" prot="public" static="no">
        <name>SDCARDLog</name>
        <param><defname>...</defname></param>
        <initializer>Serial.print(__VA_ARGS__)</initializer>
        <briefdescription>
        </briefdescription>
        <detaileddescription>
        </detaileddescription>
        <inbodydescription>
        </inbodydescription>
        <location file="C:/Users/Dhananjay/Documents/Arduino/ESP32FTP_FILE_TRANSFER/SD_card_helper.h" line="24" column="9" bodyfile="C:/Users/Dhananjay/Documents/Arduino/ESP32FTP_FILE_TRANSFER/SD_card_helper.h" bodystart="24" bodyend="-1"/>
      </memberdef>
      <memberdef kind="define" id="_s_d__card__helper_8h_1a503c379e2fd65884228ac5354df56a75" prot="public" static="no">
        <name>SDCARDLogLn</name>
        <param><defname>...</defname></param>
        <initializer>Serial.println(__VA_ARGS__)</initializer>
        <briefdescription>
        </briefdescription>
        <detaileddescription>
        </detaileddescription>
        <inbodydescription>
        </inbodydescription>
        <location file="C:/Users/Dhananjay/Documents/Arduino/ESP32FTP_FILE_TRANSFER/SD_card_helper.h" line="25" column="9" bodyfile="C:/Users/Dhananjay/Documents/Arduino/ESP32FTP_FILE_TRANSFER/SD_card_helper.h" bodystart="25" bodyend="-1"/>
      </memberdef>
      <memberdef kind="define" id="_s_d__card__helper_8h_1ac1c436d31f5bdd0314ba6cb7718a023b" prot="public" static="no">
        <name>SDCARDLogF</name>
        <param><defname>...</defname></param>
        <initializer>Serial.printf(__VA_ARGS__)</initializer>
        <briefdescription>
        </briefdescription>
        <detaileddescription>
        </detaileddescription>
        <inbodydescription>
        </inbodydescription>
        <location file="C:/Users/Dhananjay/Documents/Arduino/ESP32FTP_FILE_TRANSFER/SD_card_helper.h" line="26" column="9" bodyfile="C:/Users/Dhananjay/Documents/Arduino/ESP32FTP_FILE_TRANSFER/SD_card_helper.h" bodystart="26" bodyend="-1"/>
      </memberdef>
      </sectiondef>
      <sectiondef kind="var">
      <memberdef kind="variable" id="_s_d__card__helper_8h_1aa28affbe1eedc3523fa1ae0f9b01a822" prot="public" static="no" mutable="no">
        <type>uint32_t</type>
        <definition>uint32_t readFilePointer</definition>
        <argsstring></argsstring>
        <name>readFilePointer</name>
        <briefdescription>
        </briefdescription>
        <detaileddescription>
<para>This variable maintains file read location can be store in eeprom using <emphasis><ref refid="_s_d__card__helper_8h_1a7e3758916c25528519402459fb945f98" kindref="member">writeEEPROMData()</ref></emphasis> function </para>
        </detaileddescription>
        <inbodydescription>
        </inbodydescription>
        <location file="C:/Users/Dhananjay/Documents/Arduino/ESP32FTP_FILE_TRANSFER/SD_card_helper.h" line="38" column="1" bodyfile="C:/Users/Dhananjay/Documents/Arduino/ESP32FTP_FILE_TRANSFER/SD_card_helper.cpp" bodystart="11" bodyend="-1"/>
        <referencedby refid="_s_d__card__helper_8h_1a7eff365862963a0d979b29768e05018c" compoundref="_s_d__card__helper_8cpp" startline="403" endline="413">readEEPROMData</referencedby>
        <referencedby refid="_s_d__card__helper_8h_1a7e3758916c25528519402459fb945f98" compoundref="_s_d__card__helper_8cpp" startline="381" endline="395">writeEEPROMData</referencedby>
      </memberdef>
      <memberdef kind="variable" id="_s_d__card__helper_8h_1a0bcbeb95adb50f4a97326e2e17594050" prot="public" static="no" mutable="no">
        <type>uint32_t</type>
        <definition>uint32_t writeFilePointer</definition>
        <argsstring></argsstring>
        <name>writeFilePointer</name>
        <briefdescription>
        </briefdescription>
        <detaileddescription>
<para>This variable maintains file write location can be store in eeprom using <emphasis><ref refid="_s_d__card__helper_8h_1a7e3758916c25528519402459fb945f98" kindref="member">writeEEPROMData()</ref></emphasis> function </para>
        </detaileddescription>
        <inbodydescription>
        </inbodydescription>
        <location file="C:/Users/Dhananjay/Documents/Arduino/ESP32FTP_FILE_TRANSFER/SD_card_helper.h" line="40" column="1" bodyfile="C:/Users/Dhananjay/Documents/Arduino/ESP32FTP_FILE_TRANSFER/SD_card_helper.cpp" bodystart="12" bodyend="-1"/>
        <referencedby refid="_s_d__card__helper_8h_1a7eff365862963a0d979b29768e05018c" compoundref="_s_d__card__helper_8cpp" startline="403" endline="413">readEEPROMData</referencedby>
        <referencedby refid="_s_d__card__helper_8h_1a7e3758916c25528519402459fb945f98" compoundref="_s_d__card__helper_8cpp" startline="381" endline="395">writeEEPROMData</referencedby>
      </memberdef>
      <memberdef kind="variable" id="_s_d__card__helper_8h_1a82b0932a26cde8561a4861d35d1c6b70" prot="public" static="no" mutable="no">
        <type>unsigned int</type>
        <definition>unsigned int epVariable</definition>
        <argsstring></argsstring>
        <name>epVariable</name>
        <briefdescription>
        </briefdescription>
        <detaileddescription>
<para>This variable is used to store in eeprom </para>
        </detaileddescription>
        <inbodydescription>
        </inbodydescription>
        <location file="C:/Users/Dhananjay/Documents/Arduino/ESP32FTP_FILE_TRANSFER/SD_card_helper.h" line="42" column="1" bodyfile="C:/Users/Dhananjay/Documents/Arduino/ESP32FTP_FILE_TRANSFER/SD_card_helper.cpp" bodystart="13" bodyend="-1"/>
        <referencedby refid="_s_d__card__helper_8h_1a7eff365862963a0d979b29768e05018c" compoundref="_s_d__card__helper_8cpp" startline="403" endline="413">readEEPROMData</referencedby>
        <referencedby refid="_s_d__card__helper_8h_1a7e3758916c25528519402459fb945f98" compoundref="_s_d__card__helper_8cpp" startline="381" endline="395">writeEEPROMData</referencedby>
      </memberdef>
      <memberdef kind="variable" id="_s_d__card__helper_8h_1a3e4809a7dc7fba7699a7f1913e094189" prot="public" static="no" mutable="no">
        <type>uint8_t</type>
        <definition>uint8_t fileReadFlag</definition>
        <argsstring></argsstring>
        <name>fileReadFlag</name>
        <briefdescription>
        </briefdescription>
        <detaileddescription>
<para>This variable is true if file reading is completed, this variable will be false when file reading is started again. <emphasis><ref refid="_s_d__card__helper_8h_1ab2354b3a5e1972da3f1c9f54614ecbff" kindref="member">SD_ReadFile()</ref></emphasis> used in this function </para>
        </detaileddescription>
        <inbodydescription>
        </inbodydescription>
        <location file="C:/Users/Dhananjay/Documents/Arduino/ESP32FTP_FILE_TRANSFER/SD_card_helper.h" line="44" column="1" bodyfile="C:/Users/Dhananjay/Documents/Arduino/ESP32FTP_FILE_TRANSFER/SD_card_helper.cpp" bodystart="15" bodyend="-1"/>
      </memberdef>
      </sectiondef>
      <sectiondef kind="func">
      <memberdef kind="function" id="_s_d__card__helper_8h_1a1dc8dcbf1aeaa89314e7d75651d49228" prot="public" static="no" const="no" explicit="no" inline="no" virt="non-virtual">
        <type>bool</type>
        <definition>bool SD_Initialize</definition>
        <argsstring>()</argsstring>
        <name>SD_Initialize</name>
        <briefdescription>
<para>initialize SD card with SPI configuration and initialise EEPROM for store file pointeers. </para>
        </briefdescription>
        <detaileddescription>
<para>Init this function you can configure spi pins , speed. EEPROM memory size can be change here</para>
<para><simplesect kind="return"><para>Return true on successful initialization/false on unsuccessful initialization </para>
</simplesect>
</para>
        </detaileddescription>
        <inbodydescription>
        </inbodydescription>
        <location file="C:/Users/Dhananjay/Documents/Arduino/ESP32FTP_FILE_TRANSFER/SD_card_helper.h" line="46" column="1" bodyfile="C:/Users/Dhananjay/Documents/Arduino/ESP32FTP_FILE_TRANSFER/SD_card_helper.cpp" bodystart="26" bodyend="40"/>
      </memberdef>
      <memberdef kind="function" id="_s_d__card__helper_8h_1afb1b3350eaa62e5574ca315d694451d0" prot="public" static="no" const="no" explicit="no" inline="no" virt="non-virtual">
        <type>bool</type>
        <definition>bool SD_Detect</definition>
        <argsstring>()</argsstring>
        <name>SD_Detect</name>
        <briefdescription>
<para>This function detect if the SD card is inserted in slot or not. </para>
        </briefdescription>
        <detaileddescription>
<para>This function ends SD card clss and reinitialize it. alternate way to inpliment this by using reading CD pin</para>
<para><simplesect kind="return"><para>Return true if sd card detect /false if no sd card detect </para>
</simplesect>
</para>
        </detaileddescription>
        <inbodydescription>
        </inbodydescription>
        <location file="C:/Users/Dhananjay/Documents/Arduino/ESP32FTP_FILE_TRANSFER/SD_card_helper.h" line="47" column="1" bodyfile="C:/Users/Dhananjay/Documents/Arduino/ESP32FTP_FILE_TRANSFER/SD_card_helper.cpp" bodystart="49" bodyend="64"/>
      </memberdef>
      <memberdef kind="function" id="_s_d__card__helper_8h_1a0bc73afc8f2e6e3ada4cfb920a2b27b8" prot="public" static="no" const="no" explicit="no" inline="no" virt="non-virtual">
        <type>bool</type>
        <definition>bool SD_Exist</definition>
        <argsstring>(const char *path)</argsstring>
        <name>SD_Exist</name>
        <param>
          <type>const char *</type>
          <declname>path</declname>
        </param>
        <briefdescription>
<para>This function look if given path file or directory exist. </para>
        </briefdescription>
        <detaileddescription>
<para>Tests whether a file or directory exists on the SD card</para>
<para><parameterlist kind="param"><parameteritem>
<parameternamelist>
<parametername>*path</parametername>
</parameternamelist>
<parameterdescription>
<para>path to file or directory</para>
</parameterdescription>
</parameteritem>
</parameterlist>
<simplesect kind="return"><para>Return true if file or directory exist /false if no file or directory exist </para>
</simplesect>
</para>
        </detaileddescription>
        <inbodydescription>
        </inbodydescription>
        <location file="C:/Users/Dhananjay/Documents/Arduino/ESP32FTP_FILE_TRANSFER/SD_card_helper.h" line="48" column="1" bodyfile="C:/Users/Dhananjay/Documents/Arduino/ESP32FTP_FILE_TRANSFER/SD_card_helper.cpp" bodystart="74" bodyend="88"/>
        <referencedby refid="_s_d__card__helper_8h_1ab48221252583b8c60b4ebcf56b03c7cd" compoundref="_s_d__card__helper_8cpp" startline="99" endline="144">SD_mkDir</referencedby>
        <referencedby refid="_s_d__card__helper_8h_1a49d67922bf03f8791643c139a61890f8" compoundref="_s_d__card__helper_8cpp" startline="155" endline="198">SD_mkFile</referencedby>
      </memberdef>
      <memberdef kind="function" id="_s_d__card__helper_8h_1ab48221252583b8c60b4ebcf56b03c7cd" prot="public" static="no" const="no" explicit="no" inline="no" virt="non-virtual">
        <type>bool</type>
        <definition>bool SD_mkDir</definition>
        <argsstring>(const char *path)</argsstring>
        <name>SD_mkDir</name>
        <param>
          <type>const char *</type>
          <declname>path</declname>
        </param>
        <briefdescription>
<para>This function created directory with given path. </para>
        </briefdescription>
        <detaileddescription>
<para>Create Directory with Given path , If It is not there it will create it. if file already exixst will return false</para>
<para><parameterlist kind="param"><parameteritem>
<parameternamelist>
<parametername>*path</parametername>
</parameternamelist>
<parameterdescription>
<para>path to directory</para>
</parameterdescription>
</parameteritem>
</parameterlist>
<simplesect kind="return"><para>Return true if directory created /false if no directory created </para>
</simplesect>
</para>
        </detaileddescription>
        <inbodydescription>
        </inbodydescription>
        <location file="C:/Users/Dhananjay/Documents/Arduino/ESP32FTP_FILE_TRANSFER/SD_card_helper.h" line="49" column="1" bodyfile="C:/Users/Dhananjay/Documents/Arduino/ESP32FTP_FILE_TRANSFER/SD_card_helper.cpp" bodystart="99" bodyend="144"/>
        <references refid="_s_d__card__helper_8cpp_1a0bc73afc8f2e6e3ada4cfb920a2b27b8" compoundref="_s_d__card__helper_8cpp" startline="74" endline="88">SD_Exist</references>
      </memberdef>
      <memberdef kind="function" id="_s_d__card__helper_8h_1a49d67922bf03f8791643c139a61890f8" prot="public" static="no" const="no" explicit="no" inline="no" virt="non-virtual">
        <type>bool</type>
        <definition>bool SD_mkFile</definition>
        <argsstring>(const char *path)</argsstring>
        <name>SD_mkFile</name>
        <param>
          <type>const char *</type>
          <declname>path</declname>
        </param>
        <briefdescription>
<para>This function created file with given path. </para>
        </briefdescription>
        <detaileddescription>
<para>Create file with Given path , If It is not there it will create it. if file already exixst will return false</para>
<para><parameterlist kind="param"><parameteritem>
<parameternamelist>
<parametername>*path</parametername>
</parameternamelist>
<parameterdescription>
<para>path to file</para>
</parameterdescription>
</parameteritem>
</parameterlist>
<simplesect kind="return"><para>Return true if file created /false if no file created </para>
</simplesect>
</para>
        </detaileddescription>
        <inbodydescription>
        </inbodydescription>
        <location file="C:/Users/Dhananjay/Documents/Arduino/ESP32FTP_FILE_TRANSFER/SD_card_helper.h" line="50" column="1" bodyfile="C:/Users/Dhananjay/Documents/Arduino/ESP32FTP_FILE_TRANSFER/SD_card_helper.cpp" bodystart="155" bodyend="198"/>
        <references refid="_s_d__card__helper_8cpp_1a0bc73afc8f2e6e3ada4cfb920a2b27b8" compoundref="_s_d__card__helper_8cpp" startline="74" endline="88">SD_Exist</references>
      </memberdef>
      <memberdef kind="function" id="_s_d__card__helper_8h_1aca513d87f074fd0a8cc9dccbf8738cc1" prot="public" static="no" const="no" explicit="no" inline="no" virt="non-virtual">
        <type>bool</type>
        <definition>bool SD_rmDir</definition>
        <argsstring>(const char *path)</argsstring>
        <name>SD_rmDir</name>
        <param>
          <type>const char *</type>
          <declname>path</declname>
        </param>
        <briefdescription>
<para>This function remove directory with given path. </para>
        </briefdescription>
        <detaileddescription>
<para>remove directory with Given path , If It is not there it will return false.</para>
<para><parameterlist kind="param"><parameteritem>
<parameternamelist>
<parametername>*path</parametername>
</parameternamelist>
<parameterdescription>
<para>path to file</para>
</parameterdescription>
</parameteritem>
</parameterlist>
<simplesect kind="return"><para>Return true if directory removed /false if no directory removed </para>
</simplesect>
</para>
        </detaileddescription>
        <inbodydescription>
        </inbodydescription>
        <location file="C:/Users/Dhananjay/Documents/Arduino/ESP32FTP_FILE_TRANSFER/SD_card_helper.h" line="51" column="1" bodyfile="C:/Users/Dhananjay/Documents/Arduino/ESP32FTP_FILE_TRANSFER/SD_card_helper.cpp" bodystart="208" bodyend="219"/>
      </memberdef>
      <memberdef kind="function" id="_s_d__card__helper_8h_1a46f7a6bcbff6b307b587e3675a2a297d" prot="public" static="no" const="no" explicit="no" inline="no" virt="non-virtual">
        <type>bool</type>
        <definition>bool SD_rmFile</definition>
        <argsstring>(const char *path)</argsstring>
        <name>SD_rmFile</name>
        <param>
          <type>const char *</type>
          <declname>path</declname>
        </param>
        <briefdescription>
<para>This function remove file with given path. </para>
        </briefdescription>
        <detaileddescription>
<para>remove file with Given path , If It is not there it will return false.</para>
<para><parameterlist kind="param"><parameteritem>
<parameternamelist>
<parametername>*path</parametername>
</parameternamelist>
<parameterdescription>
<para>path to file</para>
</parameterdescription>
</parameteritem>
</parameterlist>
<simplesect kind="return"><para>Return true if file removed /false if no file removed </para>
</simplesect>
</para>
        </detaileddescription>
        <inbodydescription>
        </inbodydescription>
        <location file="C:/Users/Dhananjay/Documents/Arduino/ESP32FTP_FILE_TRANSFER/SD_card_helper.h" line="52" column="1" bodyfile="C:/Users/Dhananjay/Documents/Arduino/ESP32FTP_FILE_TRANSFER/SD_card_helper.cpp" bodystart="230" bodyend="240"/>
      </memberdef>
      <memberdef kind="function" id="_s_d__card__helper_8h_1ac10ee12972e4d78e785852bbeee48a16" prot="public" static="no" const="no" explicit="no" inline="no" virt="non-virtual">
        <type>bool</type>
        <definition>bool SD_CopyFile</definition>
        <argsstring>(const char *src, const char *dest)</argsstring>
        <name>SD_CopyFile</name>
        <param>
          <type>const char *</type>
          <declname>src</declname>
        </param>
        <param>
          <type>const char *</type>
          <declname>dest</declname>
        </param>
        <briefdescription>
<para>This function copy file with source path to destination path. </para>
        </briefdescription>
        <detaileddescription>
<para>Copy file from one path to other path.</para>
<para><parameterlist kind="param"><parameteritem>
<parameternamelist>
<parametername>*src</parametername>
</parameternamelist>
<parameterdescription>
<para>path to source file </para>
</parameterdescription>
</parameteritem>
<parameteritem>
<parameternamelist>
<parametername>*dest</parametername>
</parameternamelist>
<parameterdescription>
<para>path to destination file</para>
</parameterdescription>
</parameteritem>
</parameterlist>
<simplesect kind="return"><para>Return true if file copied /false if no file copied </para>
</simplesect>
</para>
        </detaileddescription>
        <inbodydescription>
        </inbodydescription>
        <location file="C:/Users/Dhananjay/Documents/Arduino/ESP32FTP_FILE_TRANSFER/SD_card_helper.h" line="53" column="1" bodyfile="C:/Users/Dhananjay/Documents/Arduino/ESP32FTP_FILE_TRANSFER/SD_card_helper.cpp" bodystart="251" bodyend="276"/>
      </memberdef>
      <memberdef kind="function" id="_s_d__card__helper_8h_1ab2354b3a5e1972da3f1c9f54614ecbff" prot="public" static="no" const="no" explicit="no" inline="no" virt="non-virtual">
        <type>uint32_t</type>
        <definition>uint32_t SD_ReadFile</definition>
        <argsstring>(uint64_t address, uint8_t *buf, uint32_t len, const char *path)</argsstring>
        <name>SD_ReadFile</name>
        <param>
          <type>uint64_t</type>
          <declname>address</declname>
        </param>
        <param>
          <type>uint8_t *</type>
          <declname>buf</declname>
        </param>
        <param>
          <type>uint32_t</type>
          <declname>len</declname>
        </param>
        <param>
          <type>const char *</type>
          <declname>path</declname>
        </param>
        <briefdescription>
<para>This function read file with given parameters. </para>
        </briefdescription>
        <detaileddescription>
<para>Read Number of Byte from File and Save it to the RAM Buffer. Every Call of this Function will auto increment <emphasis>readFilePointer</emphasis> to the Next Read Byte Array.It Automatically starts from File Origin if File Reading is Complete. When Complete File read is done it will set <emphasis>fileReadFlag</emphasis> to true. <parameterlist kind="param"><parameteritem>
<parameternamelist>
<parametername>address</parametername>
</parameternamelist>
<parameterdescription>
<para>address from which file to be read. </para>
</parameterdescription>
</parameteritem>
<parameteritem>
<parameternamelist>
<parametername>*buf</parametername>
</parameternamelist>
<parameterdescription>
<para>buffer pointer to store read data </para>
</parameterdescription>
</parameteritem>
<parameteritem>
<parameternamelist>
<parametername>len</parametername>
</parameternamelist>
<parameterdescription>
<para>length to read number of bytes from file </para>
</parameterdescription>
</parameteritem>
<parameteritem>
<parameternamelist>
<parametername>*path</parametername>
</parameternamelist>
<parameterdescription>
<para>path of file to be read</para>
</parameterdescription>
</parameteritem>
</parameterlist>
<simplesect kind="return"><para>Return number of bytes read from file </para>
</simplesect>
</para>
        </detaileddescription>
        <inbodydescription>
        </inbodydescription>
        <location file="C:/Users/Dhananjay/Documents/Arduino/ESP32FTP_FILE_TRANSFER/SD_card_helper.h" line="54" column="1" bodyfile="C:/Users/Dhananjay/Documents/Arduino/ESP32FTP_FILE_TRANSFER/SD_card_helper.cpp" bodystart="291" bodyend="322"/>
      </memberdef>
      <memberdef kind="function" id="_s_d__card__helper_8h_1a58256f6c0f46a9a2b59fb2cf428986b7" prot="public" static="no" const="no" explicit="no" inline="no" virt="non-virtual">
        <type>uint32_t</type>
        <definition>uint32_t SD_WriteFile</definition>
        <argsstring>(uint8_t *buf, uint32_t len, const char *path)</argsstring>
        <name>SD_WriteFile</name>
        <param>
          <type>uint8_t *</type>
          <declname>buf</declname>
        </param>
        <param>
          <type>uint32_t</type>
          <declname>len</declname>
        </param>
        <param>
          <type>const char *</type>
          <declname>path</declname>
        </param>
        <briefdescription>
<para>This function write file with given parameters. </para>
        </briefdescription>
        <detaileddescription>
<para>Write Number of Byte from buffer and Save it to file. Every Call of this Function will auto increment <emphasis>writeFilePointer</emphasis> to the write Byte.</para>
<para><parameterlist kind="param"><parameteritem>
<parameternamelist>
<parametername>*buf</parametername>
</parameternamelist>
<parameterdescription>
<para>buffer pointer to write into file </para>
</parameterdescription>
</parameteritem>
<parameteritem>
<parameternamelist>
<parametername>len</parametername>
</parameternamelist>
<parameterdescription>
<para>length to write number of bytes to file </para>
</parameterdescription>
</parameteritem>
<parameteritem>
<parameternamelist>
<parametername>*path</parametername>
</parameternamelist>
<parameterdescription>
<para>path of file to be write</para>
</parameterdescription>
</parameteritem>
</parameterlist>
<simplesect kind="return"><para>Return number of bytes write to file </para>
</simplesect>
</para>
        </detaileddescription>
        <inbodydescription>
        </inbodydescription>
        <location file="C:/Users/Dhananjay/Documents/Arduino/ESP32FTP_FILE_TRANSFER/SD_card_helper.h" line="55" column="1" bodyfile="C:/Users/Dhananjay/Documents/Arduino/ESP32FTP_FILE_TRANSFER/SD_card_helper.cpp" bodystart="335" bodyend="352"/>
      </memberdef>
      <memberdef kind="function" id="_s_d__card__helper_8h_1a21179aaa8cda011660fcd640f3c67bea" prot="public" static="no" const="no" explicit="no" inline="no" virt="non-virtual">
        <type>uint64_t</type>
        <definition>uint64_t Get_File_Size</definition>
        <argsstring>(const char *path)</argsstring>
        <name>Get_File_Size</name>
        <param>
          <type>const char *</type>
          <declname>path</declname>
        </param>
        <briefdescription>
<para>This function gives file size. </para>
        </briefdescription>
        <detaileddescription>
<para>return file size in bytes.</para>
<para><parameterlist kind="param"><parameteritem>
<parameternamelist>
<parametername>*path</parametername>
</parameternamelist>
<parameterdescription>
<para>path of file</para>
</parameterdescription>
</parameteritem>
</parameterlist>
<simplesect kind="return"><para>Return size of file in bytes </para>
</simplesect>
</para>
        </detaileddescription>
        <inbodydescription>
        </inbodydescription>
        <location file="C:/Users/Dhananjay/Documents/Arduino/ESP32FTP_FILE_TRANSFER/SD_card_helper.h" line="56" column="1" bodyfile="C:/Users/Dhananjay/Documents/Arduino/ESP32FTP_FILE_TRANSFER/SD_card_helper.cpp" bodystart="362" bodyend="373"/>
      </memberdef>
      <memberdef kind="function" id="_s_d__card__helper_8h_1a29e430a7ef7e93aa99b5f283e6a214d9" prot="public" static="no" const="no" explicit="no" inline="no" virt="non-virtual">
        <type>void</type>
        <definition>void SD_ListDir</definition>
        <argsstring>(const char *dirname, uint8_t levels)</argsstring>
        <name>SD_ListDir</name>
        <param>
          <type>const char *</type>
          <declname>dirname</declname>
        </param>
        <param>
          <type>uint8_t</type>
          <declname>levels</declname>
        </param>
        <briefdescription>
<para>This function list the directory and files in sdcard. </para>
        </briefdescription>
        <detaileddescription>
<para>List directories and file in given path. leve is depth of list</para>
<para><parameterlist kind="param"><parameteritem>
<parameternamelist>
<parametername>*dirname</parametername>
</parameternamelist>
<parameterdescription>
<para>path of directory to be list </para>
</parameterdescription>
</parameteritem>
<parameteritem>
<parameternamelist>
<parametername>*levels</parametername>
</parameternamelist>
<parameterdescription>
<para>depth of list</para>
</parameterdescription>
</parameteritem>
</parameterlist>
<simplesect kind="return"><para>Void </para>
</simplesect>
</para>
        </detaileddescription>
        <inbodydescription>
        </inbodydescription>
        <location file="C:/Users/Dhananjay/Documents/Arduino/ESP32FTP_FILE_TRANSFER/SD_card_helper.h" line="57" column="1" bodyfile="C:/Users/Dhananjay/Documents/Arduino/ESP32FTP_FILE_TRANSFER/SD_card_helper.cpp" bodystart="425" bodyend="462"/>
      </memberdef>
      <memberdef kind="function" id="_s_d__card__helper_8h_1ae331ac4ed83a1ff2c7253f74f2769761" prot="public" static="no" const="no" explicit="no" inline="no" virt="non-virtual">
        <type>bool</type>
        <definition>bool SD_RenameFile</definition>
        <argsstring>(const char *path1, const char *path2)</argsstring>
        <name>SD_RenameFile</name>
        <param>
          <type>const char *</type>
          <declname>path1</declname>
        </param>
        <param>
          <type>const char *</type>
          <declname>path2</declname>
        </param>
        <briefdescription>
<para>This function rename the file. </para>
        </briefdescription>
        <detaileddescription>
<para>remane the file with provided parameters</para>
<para><parameterlist kind="param"><parameteritem>
<parameternamelist>
<parametername>*path1</parametername>
</parameternamelist>
<parameterdescription>
<para>path of e file which is rename </para>
</parameterdescription>
</parameteritem>
<parameteritem>
<parameternamelist>
<parametername>*path2</parametername>
</parameternamelist>
<parameterdescription>
<para>new name of the file with path</para>
</parameterdescription>
</parameteritem>
</parameterlist>
<simplesect kind="return"><para>true if rename is done / false if rename failed </para>
</simplesect>
</para>
        </detaileddescription>
        <inbodydescription>
        </inbodydescription>
        <location file="C:/Users/Dhananjay/Documents/Arduino/ESP32FTP_FILE_TRANSFER/SD_card_helper.h" line="58" column="1" bodyfile="C:/Users/Dhananjay/Documents/Arduino/ESP32FTP_FILE_TRANSFER/SD_card_helper.cpp" bodystart="473" bodyend="483"/>
      </memberdef>
      <memberdef kind="function" id="_s_d__card__helper_8h_1a7e3758916c25528519402459fb945f98" prot="public" static="no" const="no" explicit="no" inline="no" virt="non-virtual">
        <type>void</type>
        <definition>void writeEEPROMData</definition>
        <argsstring>()</argsstring>
        <name>writeEEPROMData</name>
        <briefdescription>
<para>This function writes parameters to eeprom. </para>
        </briefdescription>
        <detaileddescription>
<para>Store 3 parameters in EEPROM <emphasis>readFilePointer</emphasis> ,<emphasis>writeFilePointer</emphasis> ,<emphasis>epVariable</emphasis> </para>
<para><simplesect kind="return"><para>Void </para>
</simplesect>
</para>
        </detaileddescription>
        <inbodydescription>
        </inbodydescription>
        <location file="C:/Users/Dhananjay/Documents/Arduino/ESP32FTP_FILE_TRANSFER/SD_card_helper.h" line="60" column="1" bodyfile="C:/Users/Dhananjay/Documents/Arduino/ESP32FTP_FILE_TRANSFER/SD_card_helper.cpp" bodystart="381" bodyend="395"/>
        <references refid="_s_d__card__helper_8cpp_1a82b0932a26cde8561a4861d35d1c6b70" compoundref="_s_d__card__helper_8cpp" startline="13">epVariable</references>
        <references refid="_s_d__card__helper_8cpp_1aa28affbe1eedc3523fa1ae0f9b01a822" compoundref="_s_d__card__helper_8cpp" startline="11">readFilePointer</references>
        <references refid="_s_d__card__helper_8cpp_1a0bcbeb95adb50f4a97326e2e17594050" compoundref="_s_d__card__helper_8cpp" startline="12">writeFilePointer</references>
      </memberdef>
      <memberdef kind="function" id="_s_d__card__helper_8h_1a7eff365862963a0d979b29768e05018c" prot="public" static="no" const="no" explicit="no" inline="no" virt="non-virtual">
        <type>void</type>
        <definition>void readEEPROMData</definition>
        <argsstring>()</argsstring>
        <name>readEEPROMData</name>
        <briefdescription>
<para>This function read parameters from eeprom. </para>
        </briefdescription>
        <detaileddescription>
<para>Read 3 parameters from EEPROM <emphasis>readFilePointer</emphasis> ,<emphasis>writeFilePointer</emphasis> ,<emphasis>epVariable</emphasis> </para>
<para><simplesect kind="return"><para>Void </para>
</simplesect>
</para>
        </detaileddescription>
        <inbodydescription>
        </inbodydescription>
        <location file="C:/Users/Dhananjay/Documents/Arduino/ESP32FTP_FILE_TRANSFER/SD_card_helper.h" line="61" column="1" bodyfile="C:/Users/Dhananjay/Documents/Arduino/ESP32FTP_FILE_TRANSFER/SD_card_helper.cpp" bodystart="403" bodyend="413"/>
        <references refid="_s_d__card__helper_8cpp_1a82b0932a26cde8561a4861d35d1c6b70" compoundref="_s_d__card__helper_8cpp" startline="13">epVariable</references>
        <references refid="_s_d__card__helper_8cpp_1aa28affbe1eedc3523fa1ae0f9b01a822" compoundref="_s_d__card__helper_8cpp" startline="11">readFilePointer</references>
        <references refid="_s_d__card__helper_8cpp_1a0bcbeb95adb50f4a97326e2e17594050" compoundref="_s_d__card__helper_8cpp" startline="12">writeFilePointer</references>
      </memberdef>
      </sectiondef>
    <briefdescription>
<para>Function prototypes for the SD card helpers. </para>
    </briefdescription>
    <detaileddescription>
<para>This contains the prototypes for the SD card functionalities and eventually any macros, constants, or global variables you will need.</para>
<para><simplesect kind="author"><para>Dhananjay Khairnar </para>
</simplesect>
</para>
    </detaileddescription>
    <programlisting>
<codeline lineno="1"></codeline>
<codeline lineno="10"><highlight class="preprocessor">#ifndef<sp/>__SD_CARD_HELPER_H</highlight><highlight class="normal"></highlight></codeline>
<codeline lineno="11"><highlight class="normal"></highlight><highlight class="preprocessor">#define<sp/>__SD_CARD_HELPER_H</highlight><highlight class="normal"></highlight></codeline>
<codeline lineno="12"><highlight class="normal"></highlight><highlight class="preprocessor">#include<sp/>&lt;Arduino.h&gt;</highlight><highlight class="normal"></highlight></codeline>
<codeline lineno="13"><highlight class="normal"></highlight><highlight class="preprocessor">#include<sp/>&quot;FS.h&quot;</highlight><highlight class="normal"></highlight></codeline>
<codeline lineno="14"><highlight class="normal"></highlight><highlight class="preprocessor">#include<sp/>&quot;SD.h&quot;</highlight><highlight class="normal"></highlight></codeline>
<codeline lineno="15"><highlight class="normal"></highlight><highlight class="preprocessor">#include<sp/>&quot;SPI.h&quot;</highlight><highlight class="normal"></highlight></codeline>
<codeline lineno="16"><highlight class="normal"></highlight><highlight class="preprocessor">#include<sp/>&quot;EEPROM.h&quot;</highlight><highlight class="normal"></highlight></codeline>
<codeline lineno="17"><highlight class="normal"></highlight></codeline>
<codeline lineno="19" refid="_s_d__card__helper_8h_1ae3ef7bba113f663df6996f286b632a3f" refkind="member"><highlight class="preprocessor">#define<sp/>EEPROM_SIZE<sp/>128</highlight><highlight class="normal"></highlight></codeline>
<codeline lineno="20"><highlight class="normal"></highlight></codeline>
<codeline lineno="21" refid="_s_d__card__helper_8h_1a236e9617987f76de6010b063293052c8" refkind="member"><highlight class="preprocessor">#define<sp/>SDCARD_LOG</highlight><highlight class="normal"></highlight></codeline>
<codeline lineno="22"><highlight class="normal"></highlight></codeline>
<codeline lineno="23"><highlight class="normal"></highlight><highlight class="preprocessor">#ifdef<sp/>SDCARD_LOG</highlight><highlight class="normal"></highlight></codeline>
<codeline lineno="24"><highlight class="normal"></highlight><highlight class="preprocessor">#define<sp/>SDCARDLog(...)<sp/>Serial.print(__VA_ARGS__)</highlight><highlight class="normal"></highlight></codeline>
<codeline lineno="25"><highlight class="normal"></highlight><highlight class="preprocessor">#define<sp/>SDCARDLogLn(...)<sp/>Serial.println(__VA_ARGS__)</highlight><highlight class="normal"></highlight></codeline>
<codeline lineno="26"><highlight class="normal"></highlight><highlight class="preprocessor">#define<sp/>SDCARDLogF(...)<sp/>Serial.printf(__VA_ARGS__)</highlight><highlight class="normal"></highlight></codeline>
<codeline lineno="27"><highlight class="normal"></highlight><highlight class="preprocessor">#else</highlight><highlight class="normal"></highlight></codeline>
<codeline lineno="28"><highlight class="normal"></highlight><highlight class="preprocessor">#define<sp/>SDCARDLog(...)</highlight><highlight class="normal"></highlight></codeline>
<codeline lineno="29"><highlight class="normal"></highlight><highlight class="preprocessor">#define<sp/>SDCARDLogLn(...)</highlight><highlight class="normal"></highlight></codeline>
<codeline lineno="30"><highlight class="normal"></highlight><highlight class="preprocessor">#define<sp/>SDCARDLogF(...)</highlight><highlight class="normal"></highlight></codeline>
<codeline lineno="31"><highlight class="normal"></highlight><highlight class="preprocessor">#endif</highlight><highlight class="normal"></highlight></codeline>
<codeline lineno="32"><highlight class="normal"></highlight></codeline>
<codeline lineno="33"><highlight class="normal"></highlight></codeline>
<codeline lineno="34"><highlight class="normal"></highlight><highlight class="comment">/*</highlight></codeline>
<codeline lineno="35"><highlight class="comment"><sp/>*<sp/>Variable<sp/>expose<sp/>form<sp/>SD_card_helper.cpp</highlight></codeline>
<codeline lineno="36"><highlight class="comment"><sp/>*/</highlight></codeline>
<codeline lineno="38"><highlight class="keyword">extern</highlight><highlight class="normal"><sp/>uint32_t<sp/><ref refid="_s_d__card__helper_8h_1aa28affbe1eedc3523fa1ae0f9b01a822" kindref="member">readFilePointer</ref>;</highlight></codeline>
<codeline lineno="40"><highlight class="keyword">extern</highlight><highlight class="normal"><sp/>uint32_t<sp/><ref refid="_s_d__card__helper_8h_1a0bcbeb95adb50f4a97326e2e17594050" kindref="member">writeFilePointer</ref>;</highlight></codeline>
<codeline lineno="42"><highlight class="keyword">extern</highlight><highlight class="normal"><sp/></highlight><highlight class="keywordtype">unsigned</highlight><highlight class="normal"><sp/></highlight><highlight class="keywordtype">int</highlight><highlight class="normal"><sp/><ref refid="_s_d__card__helper_8h_1a82b0932a26cde8561a4861d35d1c6b70" kindref="member">epVariable</ref>;</highlight></codeline>
<codeline lineno="44"><highlight class="keyword">extern</highlight><highlight class="normal"><sp/>uint8_t<sp/><ref refid="_s_d__card__helper_8h_1a3e4809a7dc7fba7699a7f1913e094189" kindref="member">fileReadFlag</ref>;</highlight></codeline>
<codeline lineno="45"><highlight class="normal"></highlight></codeline>
<codeline lineno="46"><highlight class="normal"></highlight><highlight class="keywordtype">bool</highlight><highlight class="normal"><sp/><ref refid="_s_d__card__helper_8h_1a1dc8dcbf1aeaa89314e7d75651d49228" kindref="member">SD_Initialize</ref>();</highlight></codeline>
<codeline lineno="47"><highlight class="normal"></highlight><highlight class="keywordtype">bool</highlight><highlight class="normal"><sp/><ref refid="_s_d__card__helper_8h_1afb1b3350eaa62e5574ca315d694451d0" kindref="member">SD_Detect</ref>();</highlight></codeline>
<codeline lineno="48"><highlight class="normal"></highlight><highlight class="keywordtype">bool</highlight><highlight class="normal"><sp/><ref refid="_s_d__card__helper_8h_1a0bc73afc8f2e6e3ada4cfb920a2b27b8" kindref="member">SD_Exist</ref>(</highlight><highlight class="keyword">const</highlight><highlight class="normal"><sp/></highlight><highlight class="keywordtype">char</highlight><highlight class="normal"><sp/>*<sp/>path);</highlight></codeline>
<codeline lineno="49"><highlight class="normal"></highlight><highlight class="keywordtype">bool</highlight><highlight class="normal"><sp/><ref refid="_s_d__card__helper_8h_1ab48221252583b8c60b4ebcf56b03c7cd" kindref="member">SD_mkDir</ref>(</highlight><highlight class="keyword">const</highlight><highlight class="normal"><sp/></highlight><highlight class="keywordtype">char</highlight><highlight class="normal"><sp/>*<sp/>path);</highlight></codeline>
<codeline lineno="50"><highlight class="normal"></highlight><highlight class="keywordtype">bool</highlight><highlight class="normal"><sp/><ref refid="_s_d__card__helper_8h_1a49d67922bf03f8791643c139a61890f8" kindref="member">SD_mkFile</ref>(</highlight><highlight class="keyword">const</highlight><highlight class="normal"><sp/></highlight><highlight class="keywordtype">char</highlight><highlight class="normal"><sp/>*<sp/>path);</highlight></codeline>
<codeline lineno="51"><highlight class="normal"></highlight><highlight class="keywordtype">bool</highlight><highlight class="normal"><sp/><ref refid="_s_d__card__helper_8h_1aca513d87f074fd0a8cc9dccbf8738cc1" kindref="member">SD_rmDir</ref>(</highlight><highlight class="keyword">const</highlight><highlight class="normal"><sp/></highlight><highlight class="keywordtype">char</highlight><highlight class="normal"><sp/>*<sp/>path);</highlight></codeline>
<codeline lineno="52"><highlight class="normal"></highlight><highlight class="keywordtype">bool</highlight><highlight class="normal"><sp/><ref refid="_s_d__card__helper_8h_1a46f7a6bcbff6b307b587e3675a2a297d" kindref="member">SD_rmFile</ref>(</highlight><highlight class="keyword">const</highlight><highlight class="normal"><sp/></highlight><highlight class="keywordtype">char</highlight><highlight class="normal"><sp/>*<sp/>path);</highlight></codeline>
<codeline lineno="53"><highlight class="normal"></highlight><highlight class="keywordtype">bool</highlight><highlight class="normal"><sp/><ref refid="_s_d__card__helper_8h_1ac10ee12972e4d78e785852bbeee48a16" kindref="member">SD_CopyFile</ref>(</highlight><highlight class="keyword">const</highlight><highlight class="normal"><sp/></highlight><highlight class="keywordtype">char</highlight><highlight class="normal"><sp/>*<sp/>src<sp/>,<sp/></highlight><highlight class="keyword">const</highlight><highlight class="normal"><sp/></highlight><highlight class="keywordtype">char</highlight><highlight class="normal"><sp/>*<sp/>dest);</highlight></codeline>
<codeline lineno="54"><highlight class="normal">uint32_t<sp/><ref refid="_s_d__card__helper_8h_1ab2354b3a5e1972da3f1c9f54614ecbff" kindref="member">SD_ReadFile</ref>(uint64_t<sp/>address,<sp/>uint8_t<sp/>*buf<sp/>,<sp/>uint32_t<sp/>len,<sp/></highlight><highlight class="keyword">const</highlight><highlight class="normal"><sp/></highlight><highlight class="keywordtype">char</highlight><highlight class="normal"><sp/>*<sp/>path);</highlight></codeline>
<codeline lineno="55"><highlight class="normal">uint32_t<sp/><ref refid="_s_d__card__helper_8h_1a58256f6c0f46a9a2b59fb2cf428986b7" kindref="member">SD_WriteFile</ref>(uint8_t<sp/>*<sp/>buf<sp/>,<sp/>uint32_t<sp/>len,<sp/></highlight><highlight class="keyword">const</highlight><highlight class="normal"><sp/></highlight><highlight class="keywordtype">char</highlight><highlight class="normal"><sp/>*<sp/>path);</highlight></codeline>
<codeline lineno="56"><highlight class="normal">uint64_t<sp/><ref refid="_s_d__card__helper_8h_1a21179aaa8cda011660fcd640f3c67bea" kindref="member">Get_File_Size</ref>(<sp/></highlight><highlight class="keyword">const</highlight><highlight class="normal"><sp/></highlight><highlight class="keywordtype">char</highlight><highlight class="normal"><sp/>*<sp/>path);</highlight></codeline>
<codeline lineno="57"><highlight class="normal"></highlight><highlight class="keywordtype">void</highlight><highlight class="normal"><sp/><ref refid="_s_d__card__helper_8h_1a29e430a7ef7e93aa99b5f283e6a214d9" kindref="member">SD_ListDir</ref>(</highlight><highlight class="keyword">const</highlight><highlight class="normal"><sp/></highlight><highlight class="keywordtype">char</highlight><highlight class="normal"><sp/>*<sp/>dirname,<sp/>uint8_t<sp/>levels);</highlight></codeline>
<codeline lineno="58"><highlight class="normal"></highlight><highlight class="keywordtype">bool</highlight><highlight class="normal"><sp/><ref refid="_s_d__card__helper_8h_1ae331ac4ed83a1ff2c7253f74f2769761" kindref="member">SD_RenameFile</ref>(</highlight><highlight class="keyword">const</highlight><highlight class="normal"><sp/></highlight><highlight class="keywordtype">char</highlight><highlight class="normal"><sp/>*<sp/>path1,<sp/></highlight><highlight class="keyword">const</highlight><highlight class="normal"><sp/></highlight><highlight class="keywordtype">char</highlight><highlight class="normal"><sp/>*<sp/>path2);</highlight></codeline>
<codeline lineno="59"><highlight class="normal"></highlight></codeline>
<codeline lineno="60"><highlight class="normal"></highlight><highlight class="keywordtype">void</highlight><highlight class="normal"><sp/><ref refid="_s_d__card__helper_8h_1a7e3758916c25528519402459fb945f98" kindref="member">writeEEPROMData</ref>();</highlight></codeline>
<codeline lineno="61"><highlight class="normal"></highlight><highlight class="keywordtype">void</highlight><highlight class="normal"><sp/><ref refid="_s_d__card__helper_8h_1a7eff365862963a0d979b29768e05018c" kindref="member">readEEPROMData</ref>();</highlight></codeline>
<codeline lineno="62"><highlight class="normal"></highlight></codeline>
<codeline lineno="63"><highlight class="normal"></highlight></codeline>
<codeline lineno="64"><highlight class="normal"></highlight></codeline>
<codeline lineno="65"><highlight class="normal"></highlight></codeline>
<codeline lineno="66"><highlight class="normal"></highlight><highlight class="preprocessor">#endif</highlight></codeline>
    </programlisting>
    <location file="C:/Users/Dhananjay/Documents/Arduino/ESP32FTP_FILE_TRANSFER/SD_card_helper.h"/>
  </compounddef>
</doxygen>
