<?xml version='1.0' encoding='UTF-8' standalone='no'?>
<doxygen xmlns:xsi="http://www.w3.org/2001/XMLSchema-instance" xsi:noNamespaceSchemaLocation="compound.xsd" version="1.8.15">
  <compounddef id="_s_d__card__helper_8cpp" kind="file" language="C++">
    <compoundname>SD_card_helper.cpp</compoundname>
    <includes refid="_s_d__card__helper_8h" local="yes">SD_card_helper.h</includes>
    <incdepgraph>
      <node id="33">
        <label>SD.h</label>
      </node>
      <node id="30">
        <label>SD_card_helper.h</label>
        <link refid="_s_d__card__helper_8h"/>
        <childnode refid="31" relation="include">
        </childnode>
        <childnode refid="32" relation="include">
        </childnode>
        <childnode refid="33" relation="include">
        </childnode>
        <childnode refid="34" relation="include">
        </childnode>
        <childnode refid="35" relation="include">
        </childnode>
      </node>
      <node id="32">
        <label>FS.h</label>
      </node>
      <node id="34">
        <label>SPI.h</label>
      </node>
      <node id="31">
        <label>Arduino.h</label>
      </node>
      <node id="29">
        <label>C:/Users/Dhananjay/Documents/Arduino/ESP32FTP_FILE_TRANSFER/SD_card_helper.cpp</label>
        <link refid="_s_d__card__helper_8cpp"/>
        <childnode refid="30" relation="include">
        </childnode>
      </node>
      <node id="35">
        <label>EEPROM.h</label>
      </node>
    </incdepgraph>
      <sectiondef kind="var">
      <memberdef kind="variable" id="_s_d__card__helper_8cpp_1aa28affbe1eedc3523fa1ae0f9b01a822" prot="public" static="no" mutable="no">
        <type>uint32_t</type>
        <definition>uint32_t readFilePointer</definition>
        <argsstring></argsstring>
        <name>readFilePointer</name>
        <initializer>= 0</initializer>
        <briefdescription>
        </briefdescription>
        <detaileddescription>
<para>This variable maintains file read location can be store in eeprom using <emphasis><ref refid="_s_d__card__helper_8h_1a7e3758916c25528519402459fb945f98" kindref="member">writeEEPROMData()</ref></emphasis> function </para>
        </detaileddescription>
        <inbodydescription>
        </inbodydescription>
        <location file="C:/Users/Dhananjay/Documents/Arduino/ESP32FTP_FILE_TRANSFER/SD_card_helper.cpp" line="11" column="1" bodyfile="C:/Users/Dhananjay/Documents/Arduino/ESP32FTP_FILE_TRANSFER/SD_card_helper.cpp" bodystart="11" bodyend="-1"/>
        <referencedby refid="_s_d__card__helper_8h_1a7eff365862963a0d979b29768e05018c" compoundref="_s_d__card__helper_8cpp" startline="403" endline="413">readEEPROMData</referencedby>
        <referencedby refid="_s_d__card__helper_8h_1a7e3758916c25528519402459fb945f98" compoundref="_s_d__card__helper_8cpp" startline="381" endline="395">writeEEPROMData</referencedby>
      </memberdef>
      <memberdef kind="variable" id="_s_d__card__helper_8cpp_1a0bcbeb95adb50f4a97326e2e17594050" prot="public" static="no" mutable="no">
        <type>uint32_t</type>
        <definition>uint32_t writeFilePointer</definition>
        <argsstring></argsstring>
        <name>writeFilePointer</name>
        <initializer>= 0</initializer>
        <briefdescription>
        </briefdescription>
        <detaileddescription>
<para>This variable maintains file write location can be store in eeprom using <emphasis><ref refid="_s_d__card__helper_8h_1a7e3758916c25528519402459fb945f98" kindref="member">writeEEPROMData()</ref></emphasis> function </para>
        </detaileddescription>
        <inbodydescription>
        </inbodydescription>
        <location file="C:/Users/Dhananjay/Documents/Arduino/ESP32FTP_FILE_TRANSFER/SD_card_helper.cpp" line="12" column="1" bodyfile="C:/Users/Dhananjay/Documents/Arduino/ESP32FTP_FILE_TRANSFER/SD_card_helper.cpp" bodystart="12" bodyend="-1"/>
        <referencedby refid="_s_d__card__helper_8h_1a7eff365862963a0d979b29768e05018c" compoundref="_s_d__card__helper_8cpp" startline="403" endline="413">readEEPROMData</referencedby>
        <referencedby refid="_s_d__card__helper_8h_1a7e3758916c25528519402459fb945f98" compoundref="_s_d__card__helper_8cpp" startline="381" endline="395">writeEEPROMData</referencedby>
      </memberdef>
      <memberdef kind="variable" id="_s_d__card__helper_8cpp_1a82b0932a26cde8561a4861d35d1c6b70" prot="public" static="no" mutable="no">
        <type>unsigned int</type>
        <definition>unsigned int epVariable</definition>
        <argsstring></argsstring>
        <name>epVariable</name>
        <initializer>= 0</initializer>
        <briefdescription>
        </briefdescription>
        <detaileddescription>
<para>This variable is used to store in eeprom </para>
        </detaileddescription>
        <inbodydescription>
        </inbodydescription>
        <location file="C:/Users/Dhananjay/Documents/Arduino/ESP32FTP_FILE_TRANSFER/SD_card_helper.cpp" line="13" column="1" bodyfile="C:/Users/Dhananjay/Documents/Arduino/ESP32FTP_FILE_TRANSFER/SD_card_helper.cpp" bodystart="13" bodyend="-1"/>
        <referencedby refid="_s_d__card__helper_8h_1a7eff365862963a0d979b29768e05018c" compoundref="_s_d__card__helper_8cpp" startline="403" endline="413">readEEPROMData</referencedby>
        <referencedby refid="_s_d__card__helper_8h_1a7e3758916c25528519402459fb945f98" compoundref="_s_d__card__helper_8cpp" startline="381" endline="395">writeEEPROMData</referencedby>
      </memberdef>
      <memberdef kind="variable" id="_s_d__card__helper_8cpp_1a3e4809a7dc7fba7699a7f1913e094189" prot="public" static="no" mutable="no">
        <type>uint8_t</type>
        <definition>uint8_t fileReadFlag</definition>
        <argsstring></argsstring>
        <name>fileReadFlag</name>
        <initializer>= 0</initializer>
        <briefdescription>
        </briefdescription>
        <detaileddescription>
<para>This variable is true if file reading is completed, this variable will be false when file reading is started again. <emphasis><ref refid="_s_d__card__helper_8h_1ab2354b3a5e1972da3f1c9f54614ecbff" kindref="member">SD_ReadFile()</ref></emphasis> used in this function </para>
        </detaileddescription>
        <inbodydescription>
        </inbodydescription>
        <location file="C:/Users/Dhananjay/Documents/Arduino/ESP32FTP_FILE_TRANSFER/SD_card_helper.cpp" line="15" column="1" bodyfile="C:/Users/Dhananjay/Documents/Arduino/ESP32FTP_FILE_TRANSFER/SD_card_helper.cpp" bodystart="15" bodyend="-1"/>
      </memberdef>
      <memberdef kind="variable" id="_s_d__card__helper_8cpp_1a0b1c02d61dc0c4f7c94cfcd5a2a2476a" prot="public" static="no" mutable="no">
        <type>SPIClass *</type>
        <definition>SPIClass* hspi</definition>
        <argsstring></argsstring>
        <name>hspi</name>
        <initializer>= NULL</initializer>
        <briefdescription>
        </briefdescription>
        <detaileddescription>
        </detaileddescription>
        <inbodydescription>
        </inbodydescription>
        <location file="C:/Users/Dhananjay/Documents/Arduino/ESP32FTP_FILE_TRANSFER/SD_card_helper.cpp" line="17" column="1" bodyfile="C:/Users/Dhananjay/Documents/Arduino/ESP32FTP_FILE_TRANSFER/SD_card_helper.cpp" bodystart="17" bodyend="-1"/>
      </memberdef>
      </sectiondef>
      <sectiondef kind="func">
      <memberdef kind="function" id="_s_d__card__helper_8cpp_1a1dc8dcbf1aeaa89314e7d75651d49228" prot="public" static="no" const="no" explicit="no" inline="no" virt="non-virtual">
        <type>bool</type>
        <definition>bool SD_Initialize</definition>
        <argsstring>()</argsstring>
        <name>SD_Initialize</name>
        <briefdescription>
<para>initialize SD card with SPI configuration and initialise EEPROM for store file pointeers. </para>
        </briefdescription>
        <detaileddescription>
<para>Init this function you can configure spi pins , speed. EEPROM memory size can be change here</para>
<para><simplesect kind="return"><para>Return true on successful initialization/false on unsuccessful initialization </para>
</simplesect>
</para>
        </detaileddescription>
        <inbodydescription>
        </inbodydescription>
        <location file="C:/Users/Dhananjay/Documents/Arduino/ESP32FTP_FILE_TRANSFER/SD_card_helper.cpp" line="26" column="1" bodyfile="C:/Users/Dhananjay/Documents/Arduino/ESP32FTP_FILE_TRANSFER/SD_card_helper.cpp" bodystart="26" bodyend="40"/>
      </memberdef>
      <memberdef kind="function" id="_s_d__card__helper_8cpp_1afb1b3350eaa62e5574ca315d694451d0" prot="public" static="no" const="no" explicit="no" inline="no" virt="non-virtual">
        <type>bool</type>
        <definition>bool SD_Detect</definition>
        <argsstring>()</argsstring>
        <name>SD_Detect</name>
        <briefdescription>
<para>This function detect if the SD card is inserted in slot or not. </para>
        </briefdescription>
        <detaileddescription>
<para>This function ends SD card clss and reinitialize it. alternate way to inpliment this by using reading CD pin</para>
<para><simplesect kind="return"><para>Return true if sd card detect /false if no sd card detect </para>
</simplesect>
</para>
        </detaileddescription>
        <inbodydescription>
        </inbodydescription>
        <location file="C:/Users/Dhananjay/Documents/Arduino/ESP32FTP_FILE_TRANSFER/SD_card_helper.cpp" line="49" column="1" bodyfile="C:/Users/Dhananjay/Documents/Arduino/ESP32FTP_FILE_TRANSFER/SD_card_helper.cpp" bodystart="49" bodyend="64"/>
      </memberdef>
      <memberdef kind="function" id="_s_d__card__helper_8cpp_1a0bc73afc8f2e6e3ada4cfb920a2b27b8" prot="public" static="no" const="no" explicit="no" inline="no" virt="non-virtual">
        <type>bool</type>
        <definition>bool SD_Exist</definition>
        <argsstring>(const char *path)</argsstring>
        <name>SD_Exist</name>
        <param>
          <type>const char *</type>
          <declname>path</declname>
        </param>
        <briefdescription>
<para>This function look if given path file or directory exist. </para>
        </briefdescription>
        <detaileddescription>
<para>Tests whether a file or directory exists on the SD card</para>
<para><parameterlist kind="param"><parameteritem>
<parameternamelist>
<parametername>*path</parametername>
</parameternamelist>
<parameterdescription>
<para>path to file or directory</para>
</parameterdescription>
</parameteritem>
</parameterlist>
<simplesect kind="return"><para>Return true if file or directory exist /false if no file or directory exist </para>
</simplesect>
</para>
        </detaileddescription>
        <inbodydescription>
        </inbodydescription>
        <location file="C:/Users/Dhananjay/Documents/Arduino/ESP32FTP_FILE_TRANSFER/SD_card_helper.cpp" line="74" column="1" bodyfile="C:/Users/Dhananjay/Documents/Arduino/ESP32FTP_FILE_TRANSFER/SD_card_helper.cpp" bodystart="74" bodyend="88"/>
        <referencedby refid="_s_d__card__helper_8h_1ab48221252583b8c60b4ebcf56b03c7cd" compoundref="_s_d__card__helper_8cpp" startline="99" endline="144">SD_mkDir</referencedby>
        <referencedby refid="_s_d__card__helper_8h_1a49d67922bf03f8791643c139a61890f8" compoundref="_s_d__card__helper_8cpp" startline="155" endline="198">SD_mkFile</referencedby>
      </memberdef>
      <memberdef kind="function" id="_s_d__card__helper_8cpp_1ab48221252583b8c60b4ebcf56b03c7cd" prot="public" static="no" const="no" explicit="no" inline="no" virt="non-virtual">
        <type>bool</type>
        <definition>bool SD_mkDir</definition>
        <argsstring>(const char *path)</argsstring>
        <name>SD_mkDir</name>
        <param>
          <type>const char *</type>
          <declname>path</declname>
        </param>
        <briefdescription>
<para>This function created directory with given path. </para>
        </briefdescription>
        <detaileddescription>
<para>Create Directory with Given path , If It is not there it will create it. if file already exixst will return false</para>
<para><parameterlist kind="param"><parameteritem>
<parameternamelist>
<parametername>*path</parametername>
</parameternamelist>
<parameterdescription>
<para>path to directory</para>
</parameterdescription>
</parameteritem>
</parameterlist>
<simplesect kind="return"><para>Return true if directory created /false if no directory created </para>
</simplesect>
</para>
        </detaileddescription>
        <inbodydescription>
        </inbodydescription>
        <location file="C:/Users/Dhananjay/Documents/Arduino/ESP32FTP_FILE_TRANSFER/SD_card_helper.cpp" line="99" column="1" bodyfile="C:/Users/Dhananjay/Documents/Arduino/ESP32FTP_FILE_TRANSFER/SD_card_helper.cpp" bodystart="99" bodyend="144"/>
        <references refid="_s_d__card__helper_8cpp_1a0bc73afc8f2e6e3ada4cfb920a2b27b8" compoundref="_s_d__card__helper_8cpp" startline="74" endline="88">SD_Exist</references>
      </memberdef>
      <memberdef kind="function" id="_s_d__card__helper_8cpp_1a49d67922bf03f8791643c139a61890f8" prot="public" static="no" const="no" explicit="no" inline="no" virt="non-virtual">
        <type>bool</type>
        <definition>bool SD_mkFile</definition>
        <argsstring>(const char *path)</argsstring>
        <name>SD_mkFile</name>
        <param>
          <type>const char *</type>
          <declname>path</declname>
        </param>
        <briefdescription>
<para>This function created file with given path. </para>
        </briefdescription>
        <detaileddescription>
<para>Create file with Given path , If It is not there it will create it. if file already exixst will return false</para>
<para><parameterlist kind="param"><parameteritem>
<parameternamelist>
<parametername>*path</parametername>
</parameternamelist>
<parameterdescription>
<para>path to file</para>
</parameterdescription>
</parameteritem>
</parameterlist>
<simplesect kind="return"><para>Return true if file created /false if no file created </para>
</simplesect>
</para>
        </detaileddescription>
        <inbodydescription>
        </inbodydescription>
        <location file="C:/Users/Dhananjay/Documents/Arduino/ESP32FTP_FILE_TRANSFER/SD_card_helper.cpp" line="155" column="1" bodyfile="C:/Users/Dhananjay/Documents/Arduino/ESP32FTP_FILE_TRANSFER/SD_card_helper.cpp" bodystart="155" bodyend="198"/>
        <references refid="_s_d__card__helper_8cpp_1a0bc73afc8f2e6e3ada4cfb920a2b27b8" compoundref="_s_d__card__helper_8cpp" startline="74" endline="88">SD_Exist</references>
      </memberdef>
      <memberdef kind="function" id="_s_d__card__helper_8cpp_1aca513d87f074fd0a8cc9dccbf8738cc1" prot="public" static="no" const="no" explicit="no" inline="no" virt="non-virtual">
        <type>bool</type>
        <definition>bool SD_rmDir</definition>
        <argsstring>(const char *path)</argsstring>
        <name>SD_rmDir</name>
        <param>
          <type>const char *</type>
          <declname>path</declname>
        </param>
        <briefdescription>
<para>This function remove directory with given path. </para>
        </briefdescription>
        <detaileddescription>
<para>remove directory with Given path , If It is not there it will return false.</para>
<para><parameterlist kind="param"><parameteritem>
<parameternamelist>
<parametername>*path</parametername>
</parameternamelist>
<parameterdescription>
<para>path to file</para>
</parameterdescription>
</parameteritem>
</parameterlist>
<simplesect kind="return"><para>Return true if directory removed /false if no directory removed </para>
</simplesect>
</para>
        </detaileddescription>
        <inbodydescription>
        </inbodydescription>
        <location file="C:/Users/Dhananjay/Documents/Arduino/ESP32FTP_FILE_TRANSFER/SD_card_helper.cpp" line="208" column="1" bodyfile="C:/Users/Dhananjay/Documents/Arduino/ESP32FTP_FILE_TRANSFER/SD_card_helper.cpp" bodystart="208" bodyend="219"/>
      </memberdef>
      <memberdef kind="function" id="_s_d__card__helper_8cpp_1a46f7a6bcbff6b307b587e3675a2a297d" prot="public" static="no" const="no" explicit="no" inline="no" virt="non-virtual">
        <type>bool</type>
        <definition>bool SD_rmFile</definition>
        <argsstring>(const char *path)</argsstring>
        <name>SD_rmFile</name>
        <param>
          <type>const char *</type>
          <declname>path</declname>
        </param>
        <briefdescription>
<para>This function remove file with given path. </para>
        </briefdescription>
        <detaileddescription>
<para>remove file with Given path , If It is not there it will return false.</para>
<para><parameterlist kind="param"><parameteritem>
<parameternamelist>
<parametername>*path</parametername>
</parameternamelist>
<parameterdescription>
<para>path to file</para>
</parameterdescription>
</parameteritem>
</parameterlist>
<simplesect kind="return"><para>Return true if file removed /false if no file removed </para>
</simplesect>
</para>
        </detaileddescription>
        <inbodydescription>
        </inbodydescription>
        <location file="C:/Users/Dhananjay/Documents/Arduino/ESP32FTP_FILE_TRANSFER/SD_card_helper.cpp" line="230" column="1" bodyfile="C:/Users/Dhananjay/Documents/Arduino/ESP32FTP_FILE_TRANSFER/SD_card_helper.cpp" bodystart="230" bodyend="240"/>
      </memberdef>
      <memberdef kind="function" id="_s_d__card__helper_8cpp_1ac10ee12972e4d78e785852bbeee48a16" prot="public" static="no" const="no" explicit="no" inline="no" virt="non-virtual">
        <type>bool</type>
        <definition>bool SD_CopyFile</definition>
        <argsstring>(const char *src, const char *dest)</argsstring>
        <name>SD_CopyFile</name>
        <param>
          <type>const char *</type>
          <declname>src</declname>
        </param>
        <param>
          <type>const char *</type>
          <declname>dest</declname>
        </param>
        <briefdescription>
<para>This function copy file with source path to destination path. </para>
        </briefdescription>
        <detaileddescription>
<para>Copy file from one path to other path.</para>
<para><parameterlist kind="param"><parameteritem>
<parameternamelist>
<parametername>*src</parametername>
</parameternamelist>
<parameterdescription>
<para>path to source file </para>
</parameterdescription>
</parameteritem>
<parameteritem>
<parameternamelist>
<parametername>*dest</parametername>
</parameternamelist>
<parameterdescription>
<para>path to destination file</para>
</parameterdescription>
</parameteritem>
</parameterlist>
<simplesect kind="return"><para>Return true if file copied /false if no file copied </para>
</simplesect>
</para>
        </detaileddescription>
        <inbodydescription>
        </inbodydescription>
        <location file="C:/Users/Dhananjay/Documents/Arduino/ESP32FTP_FILE_TRANSFER/SD_card_helper.cpp" line="251" column="1" bodyfile="C:/Users/Dhananjay/Documents/Arduino/ESP32FTP_FILE_TRANSFER/SD_card_helper.cpp" bodystart="251" bodyend="276"/>
      </memberdef>
      <memberdef kind="function" id="_s_d__card__helper_8cpp_1ab2354b3a5e1972da3f1c9f54614ecbff" prot="public" static="no" const="no" explicit="no" inline="no" virt="non-virtual">
        <type>uint32_t</type>
        <definition>uint32_t SD_ReadFile</definition>
        <argsstring>(uint64_t address, uint8_t *buf, uint32_t len, const char *path)</argsstring>
        <name>SD_ReadFile</name>
        <param>
          <type>uint64_t</type>
          <declname>address</declname>
        </param>
        <param>
          <type>uint8_t *</type>
          <declname>buf</declname>
        </param>
        <param>
          <type>uint32_t</type>
          <declname>len</declname>
        </param>
        <param>
          <type>const char *</type>
          <declname>path</declname>
        </param>
        <briefdescription>
<para>This function read file with given parameters. </para>
        </briefdescription>
        <detaileddescription>
<para>Read Number of Byte from File and Save it to the RAM Buffer. Every Call of this Function will auto increment <emphasis>readFilePointer</emphasis> to the Next Read Byte Array.It Automatically starts from File Origin if File Reading is Complete. When Complete File read is done it will set <emphasis>fileReadFlag</emphasis> to true. <parameterlist kind="param"><parameteritem>
<parameternamelist>
<parametername>address</parametername>
</parameternamelist>
<parameterdescription>
<para>address from which file to be read. </para>
</parameterdescription>
</parameteritem>
<parameteritem>
<parameternamelist>
<parametername>*buf</parametername>
</parameternamelist>
<parameterdescription>
<para>buffer pointer to store read data </para>
</parameterdescription>
</parameteritem>
<parameteritem>
<parameternamelist>
<parametername>len</parametername>
</parameternamelist>
<parameterdescription>
<para>length to read number of bytes from file </para>
</parameterdescription>
</parameteritem>
<parameteritem>
<parameternamelist>
<parametername>*path</parametername>
</parameternamelist>
<parameterdescription>
<para>path of file to be read</para>
</parameterdescription>
</parameteritem>
</parameterlist>
<simplesect kind="return"><para>Return number of bytes read from file </para>
</simplesect>
</para>
        </detaileddescription>
        <inbodydescription>
        </inbodydescription>
        <location file="C:/Users/Dhananjay/Documents/Arduino/ESP32FTP_FILE_TRANSFER/SD_card_helper.cpp" line="291" column="1" bodyfile="C:/Users/Dhananjay/Documents/Arduino/ESP32FTP_FILE_TRANSFER/SD_card_helper.cpp" bodystart="291" bodyend="322"/>
      </memberdef>
      <memberdef kind="function" id="_s_d__card__helper_8cpp_1a58256f6c0f46a9a2b59fb2cf428986b7" prot="public" static="no" const="no" explicit="no" inline="no" virt="non-virtual">
        <type>uint32_t</type>
        <definition>uint32_t SD_WriteFile</definition>
        <argsstring>(uint8_t *buf, uint32_t len, const char *path)</argsstring>
        <name>SD_WriteFile</name>
        <param>
          <type>uint8_t *</type>
          <declname>buf</declname>
        </param>
        <param>
          <type>uint32_t</type>
          <declname>len</declname>
        </param>
        <param>
          <type>const char *</type>
          <declname>path</declname>
        </param>
        <briefdescription>
<para>This function write file with given parameters. </para>
        </briefdescription>
        <detaileddescription>
<para>Write Number of Byte from buffer and Save it to file. Every Call of this Function will auto increment <emphasis>writeFilePointer</emphasis> to the write Byte.</para>
<para><parameterlist kind="param"><parameteritem>
<parameternamelist>
<parametername>*buf</parametername>
</parameternamelist>
<parameterdescription>
<para>buffer pointer to write into file </para>
</parameterdescription>
</parameteritem>
<parameteritem>
<parameternamelist>
<parametername>len</parametername>
</parameternamelist>
<parameterdescription>
<para>length to write number of bytes to file </para>
</parameterdescription>
</parameteritem>
<parameteritem>
<parameternamelist>
<parametername>*path</parametername>
</parameternamelist>
<parameterdescription>
<para>path of file to be write</para>
</parameterdescription>
</parameteritem>
</parameterlist>
<simplesect kind="return"><para>Return number of bytes write to file </para>
</simplesect>
</para>
        </detaileddescription>
        <inbodydescription>
        </inbodydescription>
        <location file="C:/Users/Dhananjay/Documents/Arduino/ESP32FTP_FILE_TRANSFER/SD_card_helper.cpp" line="335" column="1" bodyfile="C:/Users/Dhananjay/Documents/Arduino/ESP32FTP_FILE_TRANSFER/SD_card_helper.cpp" bodystart="335" bodyend="352"/>
      </memberdef>
      <memberdef kind="function" id="_s_d__card__helper_8cpp_1a21179aaa8cda011660fcd640f3c67bea" prot="public" static="no" const="no" explicit="no" inline="no" virt="non-virtual">
        <type>uint64_t</type>
        <definition>uint64_t Get_File_Size</definition>
        <argsstring>(const char *path)</argsstring>
        <name>Get_File_Size</name>
        <param>
          <type>const char *</type>
          <declname>path</declname>
        </param>
        <briefdescription>
<para>This function gives file size. </para>
        </briefdescription>
        <detaileddescription>
<para>return file size in bytes.</para>
<para><parameterlist kind="param"><parameteritem>
<parameternamelist>
<parametername>*path</parametername>
</parameternamelist>
<parameterdescription>
<para>path of file</para>
</parameterdescription>
</parameteritem>
</parameterlist>
<simplesect kind="return"><para>Return size of file in bytes </para>
</simplesect>
</para>
        </detaileddescription>
        <inbodydescription>
        </inbodydescription>
        <location file="C:/Users/Dhananjay/Documents/Arduino/ESP32FTP_FILE_TRANSFER/SD_card_helper.cpp" line="362" column="1" bodyfile="C:/Users/Dhananjay/Documents/Arduino/ESP32FTP_FILE_TRANSFER/SD_card_helper.cpp" bodystart="362" bodyend="373"/>
      </memberdef>
      <memberdef kind="function" id="_s_d__card__helper_8cpp_1a7e3758916c25528519402459fb945f98" prot="public" static="no" const="no" explicit="no" inline="no" virt="non-virtual">
        <type>void</type>
        <definition>void writeEEPROMData</definition>
        <argsstring>()</argsstring>
        <name>writeEEPROMData</name>
        <briefdescription>
<para>This function writes parameters to eeprom. </para>
        </briefdescription>
        <detaileddescription>
<para>Store 3 parameters in EEPROM <emphasis>readFilePointer</emphasis> ,<emphasis>writeFilePointer</emphasis> ,<emphasis>epVariable</emphasis> </para>
<para><simplesect kind="return"><para>Void </para>
</simplesect>
</para>
        </detaileddescription>
        <inbodydescription>
        </inbodydescription>
        <location file="C:/Users/Dhananjay/Documents/Arduino/ESP32FTP_FILE_TRANSFER/SD_card_helper.cpp" line="381" column="1" bodyfile="C:/Users/Dhananjay/Documents/Arduino/ESP32FTP_FILE_TRANSFER/SD_card_helper.cpp" bodystart="381" bodyend="395"/>
        <references refid="_s_d__card__helper_8cpp_1a82b0932a26cde8561a4861d35d1c6b70" compoundref="_s_d__card__helper_8cpp" startline="13">epVariable</references>
        <references refid="_s_d__card__helper_8cpp_1aa28affbe1eedc3523fa1ae0f9b01a822" compoundref="_s_d__card__helper_8cpp" startline="11">readFilePointer</references>
        <references refid="_s_d__card__helper_8cpp_1a0bcbeb95adb50f4a97326e2e17594050" compoundref="_s_d__card__helper_8cpp" startline="12">writeFilePointer</references>
      </memberdef>
      <memberdef kind="function" id="_s_d__card__helper_8cpp_1a7eff365862963a0d979b29768e05018c" prot="public" static="no" const="no" explicit="no" inline="no" virt="non-virtual">
        <type>void</type>
        <definition>void readEEPROMData</definition>
        <argsstring>()</argsstring>
        <name>readEEPROMData</name>
        <briefdescription>
<para>This function read parameters from eeprom. </para>
        </briefdescription>
        <detaileddescription>
<para>Read 3 parameters from EEPROM <emphasis>readFilePointer</emphasis> ,<emphasis>writeFilePointer</emphasis> ,<emphasis>epVariable</emphasis> </para>
<para><simplesect kind="return"><para>Void </para>
</simplesect>
</para>
        </detaileddescription>
        <inbodydescription>
        </inbodydescription>
        <location file="C:/Users/Dhananjay/Documents/Arduino/ESP32FTP_FILE_TRANSFER/SD_card_helper.cpp" line="403" column="1" bodyfile="C:/Users/Dhananjay/Documents/Arduino/ESP32FTP_FILE_TRANSFER/SD_card_helper.cpp" bodystart="403" bodyend="413"/>
        <references refid="_s_d__card__helper_8cpp_1a82b0932a26cde8561a4861d35d1c6b70" compoundref="_s_d__card__helper_8cpp" startline="13">epVariable</references>
        <references refid="_s_d__card__helper_8cpp_1aa28affbe1eedc3523fa1ae0f9b01a822" compoundref="_s_d__card__helper_8cpp" startline="11">readFilePointer</references>
        <references refid="_s_d__card__helper_8cpp_1a0bcbeb95adb50f4a97326e2e17594050" compoundref="_s_d__card__helper_8cpp" startline="12">writeFilePointer</references>
      </memberdef>
      <memberdef kind="function" id="_s_d__card__helper_8cpp_1a29e430a7ef7e93aa99b5f283e6a214d9" prot="public" static="no" const="no" explicit="no" inline="no" virt="non-virtual">
        <type>void</type>
        <definition>void SD_ListDir</definition>
        <argsstring>(const char *dirname, uint8_t levels)</argsstring>
        <name>SD_ListDir</name>
        <param>
          <type>const char *</type>
          <declname>dirname</declname>
        </param>
        <param>
          <type>uint8_t</type>
          <declname>levels</declname>
        </param>
        <briefdescription>
<para>This function list the directory and files in sdcard. </para>
        </briefdescription>
        <detaileddescription>
<para>List directories and file in given path. leve is depth of list</para>
<para><parameterlist kind="param"><parameteritem>
<parameternamelist>
<parametername>*dirname</parametername>
</parameternamelist>
<parameterdescription>
<para>path of directory to be list </para>
</parameterdescription>
</parameteritem>
<parameteritem>
<parameternamelist>
<parametername>*levels</parametername>
</parameternamelist>
<parameterdescription>
<para>depth of list</para>
</parameterdescription>
</parameteritem>
</parameterlist>
<simplesect kind="return"><para>Void </para>
</simplesect>
</para>
        </detaileddescription>
        <inbodydescription>
        </inbodydescription>
        <location file="C:/Users/Dhananjay/Documents/Arduino/ESP32FTP_FILE_TRANSFER/SD_card_helper.cpp" line="425" column="1" bodyfile="C:/Users/Dhananjay/Documents/Arduino/ESP32FTP_FILE_TRANSFER/SD_card_helper.cpp" bodystart="425" bodyend="462"/>
      </memberdef>
      <memberdef kind="function" id="_s_d__card__helper_8cpp_1ae331ac4ed83a1ff2c7253f74f2769761" prot="public" static="no" const="no" explicit="no" inline="no" virt="non-virtual">
        <type>bool</type>
        <definition>bool SD_RenameFile</definition>
        <argsstring>(const char *path1, const char *path2)</argsstring>
        <name>SD_RenameFile</name>
        <param>
          <type>const char *</type>
          <declname>path1</declname>
        </param>
        <param>
          <type>const char *</type>
          <declname>path2</declname>
        </param>
        <briefdescription>
<para>This function rename the file. </para>
        </briefdescription>
        <detaileddescription>
<para>remane the file with provided parameters</para>
<para><parameterlist kind="param"><parameteritem>
<parameternamelist>
<parametername>*path1</parametername>
</parameternamelist>
<parameterdescription>
<para>path of e file which is rename </para>
</parameterdescription>
</parameteritem>
<parameteritem>
<parameternamelist>
<parametername>*path2</parametername>
</parameternamelist>
<parameterdescription>
<para>new name of the file with path</para>
</parameterdescription>
</parameteritem>
</parameterlist>
<simplesect kind="return"><para>true if rename is done / false if rename failed </para>
</simplesect>
</para>
        </detaileddescription>
        <inbodydescription>
        </inbodydescription>
        <location file="C:/Users/Dhananjay/Documents/Arduino/ESP32FTP_FILE_TRANSFER/SD_card_helper.cpp" line="473" column="1" bodyfile="C:/Users/Dhananjay/Documents/Arduino/ESP32FTP_FILE_TRANSFER/SD_card_helper.cpp" bodystart="473" bodyend="483"/>
      </memberdef>
      </sectiondef>
    <briefdescription>
<para>FFunction implimentation for the SD card helpers. </para>
    </briefdescription>
    <detaileddescription>
<para>This contains the implimentation for the SD card functionalities.</para>
<para><simplesect kind="author"><para>Dhananjay Khairnar </para>
</simplesect>
</para>
    </detaileddescription>
    <programlisting>
<codeline lineno="1"></codeline>
<codeline lineno="9"><highlight class="preprocessor">#include<sp/>&quot;<ref refid="_s_d__card__helper_8h" kindref="compound">SD_card_helper.h</ref>&quot;</highlight><highlight class="normal"></highlight></codeline>
<codeline lineno="10"><highlight class="normal"></highlight></codeline>
<codeline lineno="11" refid="_s_d__card__helper_8h_1aa28affbe1eedc3523fa1ae0f9b01a822" refkind="member"><highlight class="normal">uint32_t<sp/><ref refid="_s_d__card__helper_8cpp_1aa28affbe1eedc3523fa1ae0f9b01a822" kindref="member">readFilePointer</ref><sp/>=<sp/>0;</highlight></codeline>
<codeline lineno="12" refid="_s_d__card__helper_8h_1a0bcbeb95adb50f4a97326e2e17594050" refkind="member"><highlight class="normal">uint32_t<sp/><ref refid="_s_d__card__helper_8cpp_1a0bcbeb95adb50f4a97326e2e17594050" kindref="member">writeFilePointer</ref><sp/>=<sp/>0;</highlight></codeline>
<codeline lineno="13" refid="_s_d__card__helper_8h_1a82b0932a26cde8561a4861d35d1c6b70" refkind="member"><highlight class="normal"></highlight><highlight class="keywordtype">unsigned</highlight><highlight class="normal"><sp/></highlight><highlight class="keywordtype">int</highlight><highlight class="normal"><sp/><ref refid="_s_d__card__helper_8cpp_1a82b0932a26cde8561a4861d35d1c6b70" kindref="member">epVariable</ref><sp/>=<sp/>0;</highlight></codeline>
<codeline lineno="14"><highlight class="normal"></highlight></codeline>
<codeline lineno="15" refid="_s_d__card__helper_8h_1a3e4809a7dc7fba7699a7f1913e094189" refkind="member"><highlight class="normal">uint8_t<sp/><ref refid="_s_d__card__helper_8cpp_1a3e4809a7dc7fba7699a7f1913e094189" kindref="member">fileReadFlag</ref><sp/>=<sp/>0;</highlight></codeline>
<codeline lineno="16"><highlight class="normal"></highlight></codeline>
<codeline lineno="17"><highlight class="normal">SPIClass<sp/>*<sp/>hspi<sp/>=<sp/>NULL;</highlight></codeline>
<codeline lineno="26" refid="_s_d__card__helper_8h_1a1dc8dcbf1aeaa89314e7d75651d49228" refkind="member"><highlight class="keywordtype">bool</highlight><highlight class="normal"><sp/><ref refid="_s_d__card__helper_8cpp_1a1dc8dcbf1aeaa89314e7d75651d49228" kindref="member">SD_Initialize</ref>()</highlight></codeline>
<codeline lineno="27"><highlight class="normal">{</highlight></codeline>
<codeline lineno="28"><highlight class="normal"><sp/><sp/>hspi<sp/>=<sp/></highlight><highlight class="keyword">new</highlight><highlight class="normal"><sp/>SPIClass(HSPI);</highlight></codeline>
<codeline lineno="29"><highlight class="normal"><sp/><sp/>hspi-&gt;begin(18,<sp/>19,<sp/>23,<sp/>5);<sp/></highlight><highlight class="comment">//SCLK,<sp/>MISO,<sp/>MOSI,<sp/>SS</highlight><highlight class="normal"></highlight></codeline>
<codeline lineno="30"><highlight class="normal"><sp/><sp/></highlight><highlight class="keywordflow">if</highlight><highlight class="normal"><sp/>(!SD.begin(SS,<sp/>*hspi,<sp/>18000000,<sp/></highlight><highlight class="stringliteral">&quot;/sd&quot;</highlight><highlight class="normal">))</highlight></codeline>
<codeline lineno="31"><highlight class="normal"><sp/><sp/>{</highlight></codeline>
<codeline lineno="32"><highlight class="normal"><sp/><sp/><sp/><sp/>SDCARDLogLn(</highlight><highlight class="stringliteral">&quot;Card<sp/>Mount<sp/>Failed&quot;</highlight><highlight class="normal">);</highlight></codeline>
<codeline lineno="33"><highlight class="normal"><sp/><sp/><sp/><sp/></highlight><highlight class="keywordflow">return</highlight><highlight class="normal"><sp/></highlight><highlight class="keyword">false</highlight><highlight class="normal">;</highlight></codeline>
<codeline lineno="34"><highlight class="normal"><sp/><sp/>}</highlight></codeline>
<codeline lineno="35"><highlight class="normal"><sp/><sp/></highlight><highlight class="keywordflow">if</highlight><highlight class="normal"><sp/>(!EEPROM.begin(<ref refid="_s_d__card__helper_8h_1ae3ef7bba113f663df6996f286b632a3f" kindref="member">EEPROM_SIZE</ref>))</highlight></codeline>
<codeline lineno="36"><highlight class="normal"><sp/><sp/>{</highlight></codeline>
<codeline lineno="37"><highlight class="normal"><sp/><sp/><sp/><sp/>SDCARDLogLn(</highlight><highlight class="stringliteral">&quot;failed<sp/>to<sp/>initialise<sp/>EEPROM&quot;</highlight><highlight class="normal">);</highlight></codeline>
<codeline lineno="38"><highlight class="normal"><sp/><sp/>}</highlight></codeline>
<codeline lineno="39"><highlight class="normal"><sp/><sp/></highlight><highlight class="keywordflow">return</highlight><highlight class="normal"><sp/></highlight><highlight class="keyword">true</highlight><highlight class="normal">;</highlight></codeline>
<codeline lineno="40"><highlight class="normal">}</highlight></codeline>
<codeline lineno="41"><highlight class="normal"></highlight></codeline>
<codeline lineno="49" refid="_s_d__card__helper_8h_1afb1b3350eaa62e5574ca315d694451d0" refkind="member"><highlight class="keywordtype">bool</highlight><highlight class="normal"><sp/><ref refid="_s_d__card__helper_8cpp_1afb1b3350eaa62e5574ca315d694451d0" kindref="member">SD_Detect</ref>()</highlight></codeline>
<codeline lineno="50"><highlight class="normal">{</highlight></codeline>
<codeline lineno="51"><highlight class="normal"><sp/><sp/>SD.end();</highlight></codeline>
<codeline lineno="52"><highlight class="normal"><sp/><sp/>delay(5);</highlight></codeline>
<codeline lineno="53"><highlight class="normal"><sp/><sp/>hspi-&gt;begin(18,<sp/>19,<sp/>23,<sp/>5);<sp/><sp/><sp/><sp/><sp/><sp/><sp/><sp/><sp/><sp/><sp/><sp/><sp/><sp/><sp/></highlight><highlight class="comment">//SCLK,<sp/>MISO,<sp/>MOSI,<sp/>SS</highlight><highlight class="normal"></highlight></codeline>
<codeline lineno="54"><highlight class="normal"><sp/><sp/></highlight><highlight class="keywordflow">if</highlight><highlight class="normal"><sp/>(!SD.begin(SS,<sp/>SPI,<sp/>18000000,<sp/></highlight><highlight class="stringliteral">&quot;/sd&quot;</highlight><highlight class="normal">))<sp/><sp/></highlight><highlight class="comment">//Chip<sp/>Select<sp/>,<sp/>SPI<sp/>instance,<sp/>SPI<sp/>Frequency,<sp/>SD<sp/>card<sp/>mount<sp/>point</highlight><highlight class="normal"></highlight></codeline>
<codeline lineno="55"><highlight class="normal"><sp/><sp/>{</highlight></codeline>
<codeline lineno="56"><highlight class="normal"><sp/><sp/><sp/><sp/>SDCARDLogLn(</highlight><highlight class="stringliteral">&quot;Card<sp/>Mount<sp/>Failed&quot;</highlight><highlight class="normal">);</highlight></codeline>
<codeline lineno="57"><highlight class="normal"><sp/><sp/><sp/><sp/></highlight><highlight class="keywordflow">return</highlight><highlight class="normal"><sp/></highlight><highlight class="keyword">false</highlight><highlight class="normal">;</highlight></codeline>
<codeline lineno="58"><highlight class="normal"><sp/><sp/>}</highlight></codeline>
<codeline lineno="59"><highlight class="normal"><sp/><sp/>uint64_t<sp/>usedBy<sp/>=<sp/>SD.usedBytes<sp/>();</highlight></codeline>
<codeline lineno="60"><highlight class="normal"><sp/><sp/>uint64_t<sp/>cardSize<sp/>=<sp/>SD.totalBytes()<sp/>/<sp/>(1024<sp/>*<sp/>1024);</highlight></codeline>
<codeline lineno="61"><highlight class="normal"><sp/><sp/>uint64_t<sp/>freeSize<sp/>=<sp/>(<sp/>SD.cardSize<sp/>()<sp/>-<sp/>SD.usedBytes<sp/>()<sp/>)<sp/>/<sp/>(1024<sp/>*<sp/>1024);</highlight></codeline>
<codeline lineno="62"><highlight class="normal"><sp/><sp/>SDCARDLogF(</highlight><highlight class="stringliteral">&quot;SD<sp/>Card<sp/>Size:<sp/>%lluMB<sp/>Free<sp/>Size<sp/>%lluMB<sp/>(%.2f<sp/>%%<sp/>free)\n&quot;</highlight><highlight class="normal">,<sp/>cardSize,<sp/>freeSize,<sp/>(</highlight><highlight class="keywordtype">float</highlight><highlight class="normal">)((freeSize<sp/>*<sp/>100)<sp/>/<sp/>cardSize));</highlight></codeline>
<codeline lineno="63"><highlight class="normal"><sp/><sp/></highlight><highlight class="keywordflow">return</highlight><highlight class="normal"><sp/></highlight><highlight class="keyword">true</highlight><highlight class="normal">;</highlight></codeline>
<codeline lineno="64"><highlight class="normal">}</highlight></codeline>
<codeline lineno="65"><highlight class="normal"></highlight></codeline>
<codeline lineno="74" refid="_s_d__card__helper_8h_1a0bc73afc8f2e6e3ada4cfb920a2b27b8" refkind="member"><highlight class="keywordtype">bool</highlight><highlight class="normal"><sp/><ref refid="_s_d__card__helper_8cpp_1a0bc73afc8f2e6e3ada4cfb920a2b27b8" kindref="member">SD_Exist</ref>(</highlight><highlight class="keyword">const</highlight><highlight class="normal"><sp/></highlight><highlight class="keywordtype">char</highlight><highlight class="normal"><sp/>*<sp/>path)</highlight></codeline>
<codeline lineno="75"><highlight class="normal">{</highlight></codeline>
<codeline lineno="76"><highlight class="normal"><sp/><sp/>File<sp/>root<sp/>=<sp/>SD.open(path);</highlight></codeline>
<codeline lineno="77"><highlight class="normal"><sp/><sp/></highlight><highlight class="keywordflow">if</highlight><highlight class="normal"><sp/>(!root)</highlight></codeline>
<codeline lineno="78"><highlight class="normal"><sp/><sp/>{</highlight></codeline>
<codeline lineno="79"><highlight class="normal"><sp/><sp/><sp/><sp/>File<sp/>file<sp/>=<sp/>SD.open(path);</highlight></codeline>
<codeline lineno="80"><highlight class="normal"><sp/><sp/><sp/><sp/></highlight><highlight class="keywordflow">if</highlight><highlight class="normal"><sp/>(!file)</highlight></codeline>
<codeline lineno="81"><highlight class="normal"><sp/><sp/><sp/><sp/>{</highlight></codeline>
<codeline lineno="82"><highlight class="normal"><sp/><sp/><sp/><sp/><sp/><sp/>SDCARDLogLn((String)path<sp/>+<sp/></highlight><highlight class="stringliteral">&quot;<sp/>Not<sp/>Exist!!&quot;</highlight><highlight class="normal">);</highlight></codeline>
<codeline lineno="83"><highlight class="normal"><sp/><sp/><sp/><sp/><sp/><sp/></highlight><highlight class="keywordflow">return</highlight><highlight class="normal"><sp/></highlight><highlight class="keyword">false</highlight><highlight class="normal">;</highlight></codeline>
<codeline lineno="84"><highlight class="normal"><sp/><sp/><sp/><sp/>}</highlight></codeline>
<codeline lineno="85"><highlight class="normal"><sp/><sp/>}</highlight></codeline>
<codeline lineno="86"><highlight class="normal"><sp/><sp/>SDCARDLogLn((String)path<sp/>+<sp/></highlight><highlight class="stringliteral">&quot;<sp/>Exist!!&quot;</highlight><highlight class="normal">);</highlight></codeline>
<codeline lineno="87"><highlight class="normal"><sp/><sp/></highlight><highlight class="keywordflow">return</highlight><highlight class="normal"><sp/></highlight><highlight class="keyword">true</highlight><highlight class="normal">;</highlight></codeline>
<codeline lineno="88"><highlight class="normal">}</highlight></codeline>
<codeline lineno="89"><highlight class="normal"></highlight></codeline>
<codeline lineno="99" refid="_s_d__card__helper_8h_1ab48221252583b8c60b4ebcf56b03c7cd" refkind="member"><highlight class="keywordtype">bool</highlight><highlight class="normal"><sp/><ref refid="_s_d__card__helper_8cpp_1ab48221252583b8c60b4ebcf56b03c7cd" kindref="member">SD_mkDir</ref>(</highlight><highlight class="keyword">const</highlight><highlight class="normal"><sp/></highlight><highlight class="keywordtype">char</highlight><highlight class="normal"><sp/>*<sp/>path)</highlight></codeline>
<codeline lineno="100"><highlight class="normal">{</highlight></codeline>
<codeline lineno="101"><highlight class="normal"><sp/><sp/></highlight><highlight class="keywordtype">char</highlight><highlight class="normal"><sp/>dirName[100];</highlight></codeline>
<codeline lineno="102"><highlight class="normal"><sp/><sp/></highlight><highlight class="keywordtype">char</highlight><highlight class="normal"><sp/>separator<sp/>=<sp/></highlight><highlight class="charliteral">&apos;/&apos;</highlight><highlight class="normal">;</highlight></codeline>
<codeline lineno="103"><highlight class="normal"><sp/><sp/></highlight><highlight class="keywordtype">char</highlight><highlight class="normal"><sp/>*<sp/>sep_at<sp/>=<sp/>strchr(path,<sp/>separator);</highlight></codeline>
<codeline lineno="104"><highlight class="normal"></highlight></codeline>
<codeline lineno="105"><highlight class="normal"><sp/><sp/></highlight><highlight class="keywordflow">for</highlight><highlight class="normal"><sp/>(</highlight><highlight class="keywordtype">int</highlight><highlight class="normal"><sp/>i<sp/>=<sp/>0;<sp/>sep_at<sp/>!=<sp/>NULL;<sp/>i++)</highlight></codeline>
<codeline lineno="106"><highlight class="normal"><sp/><sp/>{</highlight></codeline>
<codeline lineno="107"><highlight class="normal"><sp/><sp/><sp/><sp/></highlight><highlight class="keywordtype">int</highlight><highlight class="normal"><sp/>len<sp/>=<sp/>strspn(sep_at,<sp/>path);</highlight></codeline>
<codeline lineno="108"><highlight class="normal"><sp/><sp/><sp/><sp/>strncpy(dirName,<sp/>path,<sp/>strlen(path)<sp/>-<sp/>len);</highlight></codeline>
<codeline lineno="109"><highlight class="normal"><sp/><sp/><sp/><sp/>dirName[strlen(path)<sp/>-<sp/>len]<sp/>=<sp/></highlight><highlight class="charliteral">&apos;\0&apos;</highlight><highlight class="normal">;</highlight></codeline>
<codeline lineno="110"><highlight class="normal"><sp/><sp/><sp/><sp/></highlight><highlight class="keywordflow">if</highlight><highlight class="normal"><sp/>(strlen(dirName)<sp/>&gt;<sp/>0)</highlight></codeline>
<codeline lineno="111"><highlight class="normal"><sp/><sp/><sp/><sp/>{</highlight></codeline>
<codeline lineno="112"><highlight class="normal"><sp/><sp/><sp/><sp/><sp/><sp/></highlight><highlight class="keywordflow">if</highlight><highlight class="normal"><sp/>(<ref refid="_s_d__card__helper_8cpp_1a0bc73afc8f2e6e3ada4cfb920a2b27b8" kindref="member">SD_Exist</ref>(dirName))</highlight></codeline>
<codeline lineno="113"><highlight class="normal"><sp/><sp/><sp/><sp/><sp/><sp/>{</highlight></codeline>
<codeline lineno="114"><highlight class="normal"></highlight></codeline>
<codeline lineno="115"><highlight class="normal"><sp/><sp/><sp/><sp/><sp/><sp/>}</highlight></codeline>
<codeline lineno="116"><highlight class="normal"><sp/><sp/><sp/><sp/><sp/><sp/></highlight><highlight class="keywordflow">else</highlight><highlight class="normal"></highlight></codeline>
<codeline lineno="117"><highlight class="normal"><sp/><sp/><sp/><sp/><sp/><sp/>{</highlight></codeline>
<codeline lineno="118"><highlight class="normal"><sp/><sp/><sp/><sp/><sp/><sp/><sp/><sp/></highlight><highlight class="comment">//create<sp/>dir</highlight><highlight class="normal"></highlight></codeline>
<codeline lineno="119"><highlight class="normal"><sp/><sp/><sp/><sp/><sp/><sp/><sp/><sp/></highlight><highlight class="keywordflow">if</highlight><highlight class="normal"><sp/>(SD.mkdir(dirName))<sp/>{</highlight></codeline>
<codeline lineno="120"><highlight class="normal"><sp/><sp/><sp/><sp/><sp/><sp/><sp/><sp/><sp/><sp/>SDCARDLogLn((String)</highlight><highlight class="stringliteral">&quot;Dir<sp/>created&quot;</highlight><highlight class="normal"><sp/>+<sp/>dirName);</highlight></codeline>
<codeline lineno="121"><highlight class="normal"><sp/><sp/><sp/><sp/><sp/><sp/><sp/><sp/>}<sp/></highlight><highlight class="keywordflow">else</highlight><highlight class="normal"><sp/>{</highlight></codeline>
<codeline lineno="122"><highlight class="normal"><sp/><sp/><sp/><sp/><sp/><sp/><sp/><sp/><sp/><sp/>SDCARDLogLn(</highlight><highlight class="stringliteral">&quot;mkdir<sp/>failed&quot;</highlight><highlight class="normal">);</highlight></codeline>
<codeline lineno="123"><highlight class="normal"><sp/><sp/><sp/><sp/><sp/><sp/><sp/><sp/><sp/><sp/></highlight><highlight class="keywordflow">return</highlight><highlight class="normal"><sp/></highlight><highlight class="keyword">false</highlight><highlight class="normal">;</highlight></codeline>
<codeline lineno="124"><highlight class="normal"><sp/><sp/><sp/><sp/><sp/><sp/><sp/><sp/>}</highlight></codeline>
<codeline lineno="125"><highlight class="normal"><sp/><sp/><sp/><sp/><sp/><sp/>}</highlight></codeline>
<codeline lineno="126"><highlight class="normal"><sp/><sp/><sp/><sp/>}</highlight></codeline>
<codeline lineno="127"><highlight class="normal"><sp/><sp/><sp/><sp/>sep_at<sp/>=<sp/>strchr(sep_at<sp/>+<sp/>1,<sp/>separator);</highlight></codeline>
<codeline lineno="128"><highlight class="normal"><sp/><sp/>}</highlight></codeline>
<codeline lineno="129"><highlight class="normal"></highlight></codeline>
<codeline lineno="130"><highlight class="normal"><sp/><sp/></highlight><highlight class="keywordflow">if</highlight><highlight class="normal"><sp/>(!<ref refid="_s_d__card__helper_8cpp_1a0bc73afc8f2e6e3ada4cfb920a2b27b8" kindref="member">SD_Exist</ref>(path))</highlight></codeline>
<codeline lineno="131"><highlight class="normal"><sp/><sp/>{</highlight></codeline>
<codeline lineno="132"><highlight class="normal"><sp/><sp/><sp/><sp/></highlight><highlight class="keywordflow">if</highlight><highlight class="normal"><sp/>(SD.mkdir(path))</highlight></codeline>
<codeline lineno="133"><highlight class="normal"><sp/><sp/><sp/><sp/>{</highlight></codeline>
<codeline lineno="134"><highlight class="normal"><sp/><sp/><sp/><sp/><sp/><sp/>SDCARDLogLn((String)</highlight><highlight class="stringliteral">&quot;file<sp/>created&quot;</highlight><highlight class="normal"><sp/>+<sp/>path);</highlight></codeline>
<codeline lineno="135"><highlight class="normal"><sp/><sp/><sp/><sp/><sp/><sp/></highlight><highlight class="keywordflow">return</highlight><highlight class="normal"><sp/></highlight><highlight class="keyword">true</highlight><highlight class="normal">;</highlight></codeline>
<codeline lineno="136"><highlight class="normal"><sp/><sp/><sp/><sp/>}</highlight></codeline>
<codeline lineno="137"><highlight class="normal"><sp/><sp/><sp/><sp/></highlight><highlight class="keywordflow">else</highlight><highlight class="normal"></highlight></codeline>
<codeline lineno="138"><highlight class="normal"><sp/><sp/><sp/><sp/>{</highlight></codeline>
<codeline lineno="139"><highlight class="normal"><sp/><sp/><sp/><sp/><sp/><sp/>SDCARDLogLn(</highlight><highlight class="stringliteral">&quot;SD_mkDir<sp/>failed<sp/>file<sp/>already<sp/>exist&quot;</highlight><highlight class="normal">);</highlight></codeline>
<codeline lineno="140"><highlight class="normal"><sp/><sp/><sp/><sp/><sp/><sp/></highlight><highlight class="keywordflow">return</highlight><highlight class="normal"><sp/></highlight><highlight class="keyword">false</highlight><highlight class="normal">;</highlight></codeline>
<codeline lineno="141"><highlight class="normal"><sp/><sp/><sp/><sp/>}</highlight></codeline>
<codeline lineno="142"><highlight class="normal"><sp/><sp/>}</highlight></codeline>
<codeline lineno="143"><highlight class="normal"><sp/><sp/></highlight><highlight class="keywordflow">return</highlight><highlight class="normal"><sp/></highlight><highlight class="keyword">false</highlight><highlight class="normal">;<sp/></highlight><highlight class="comment">//file<sp/>already<sp/>exist<sp/>then<sp/>return<sp/>this</highlight><highlight class="normal"></highlight></codeline>
<codeline lineno="144"><highlight class="normal">}</highlight></codeline>
<codeline lineno="145"><highlight class="normal"></highlight></codeline>
<codeline lineno="155" refid="_s_d__card__helper_8h_1a49d67922bf03f8791643c139a61890f8" refkind="member"><highlight class="keywordtype">bool</highlight><highlight class="normal"><sp/><ref refid="_s_d__card__helper_8cpp_1a49d67922bf03f8791643c139a61890f8" kindref="member">SD_mkFile</ref>(</highlight><highlight class="keyword">const</highlight><highlight class="normal"><sp/></highlight><highlight class="keywordtype">char</highlight><highlight class="normal"><sp/>*<sp/>path)</highlight></codeline>
<codeline lineno="156"><highlight class="normal">{</highlight></codeline>
<codeline lineno="157"><highlight class="normal"></highlight></codeline>
<codeline lineno="158"><highlight class="normal"><sp/><sp/></highlight><highlight class="keywordtype">char</highlight><highlight class="normal"><sp/>dirName[100];</highlight></codeline>
<codeline lineno="159"><highlight class="normal"><sp/><sp/></highlight><highlight class="keywordtype">char</highlight><highlight class="normal"><sp/>separator<sp/>=<sp/></highlight><highlight class="charliteral">&apos;/&apos;</highlight><highlight class="normal">;</highlight></codeline>
<codeline lineno="160"><highlight class="normal"><sp/><sp/></highlight><highlight class="keywordtype">char</highlight><highlight class="normal"><sp/>*<sp/>sep_at<sp/>=<sp/>strchr(path,<sp/>separator);</highlight></codeline>
<codeline lineno="161"><highlight class="normal"></highlight></codeline>
<codeline lineno="162"><highlight class="normal"><sp/><sp/></highlight><highlight class="keywordflow">for</highlight><highlight class="normal"><sp/>(</highlight><highlight class="keywordtype">int</highlight><highlight class="normal"><sp/>i<sp/>=<sp/>0;<sp/>sep_at<sp/>!=<sp/>NULL;<sp/>i++)</highlight></codeline>
<codeline lineno="163"><highlight class="normal"><sp/><sp/>{</highlight></codeline>
<codeline lineno="164"><highlight class="normal"><sp/><sp/><sp/><sp/></highlight><highlight class="keywordtype">int</highlight><highlight class="normal"><sp/>len<sp/>=<sp/>strspn(sep_at,<sp/>path);</highlight></codeline>
<codeline lineno="165"><highlight class="normal"><sp/><sp/><sp/><sp/>strncpy(dirName,<sp/>path,<sp/>strlen(path)<sp/>-<sp/>len);</highlight></codeline>
<codeline lineno="166"><highlight class="normal"><sp/><sp/><sp/><sp/>dirName[strlen(path)<sp/>-<sp/>len]<sp/>=<sp/></highlight><highlight class="charliteral">&apos;\0&apos;</highlight><highlight class="normal">;</highlight></codeline>
<codeline lineno="167"><highlight class="normal"><sp/><sp/><sp/><sp/></highlight><highlight class="keywordflow">if</highlight><highlight class="normal"><sp/>(strlen(dirName)<sp/>&gt;<sp/>0)</highlight></codeline>
<codeline lineno="168"><highlight class="normal"><sp/><sp/><sp/><sp/>{</highlight></codeline>
<codeline lineno="169"><highlight class="normal"><sp/><sp/><sp/><sp/><sp/><sp/></highlight><highlight class="keywordflow">if</highlight><highlight class="normal"><sp/>(<ref refid="_s_d__card__helper_8cpp_1a0bc73afc8f2e6e3ada4cfb920a2b27b8" kindref="member">SD_Exist</ref>(dirName))</highlight></codeline>
<codeline lineno="170"><highlight class="normal"><sp/><sp/><sp/><sp/><sp/><sp/>{</highlight></codeline>
<codeline lineno="171"><highlight class="normal"></highlight></codeline>
<codeline lineno="172"><highlight class="normal"><sp/><sp/><sp/><sp/><sp/><sp/>}</highlight></codeline>
<codeline lineno="173"><highlight class="normal"><sp/><sp/><sp/><sp/><sp/><sp/></highlight><highlight class="keywordflow">else</highlight><highlight class="normal"></highlight></codeline>
<codeline lineno="174"><highlight class="normal"><sp/><sp/><sp/><sp/><sp/><sp/>{</highlight></codeline>
<codeline lineno="175"><highlight class="normal"><sp/><sp/><sp/><sp/><sp/><sp/><sp/><sp/></highlight><highlight class="comment">//create<sp/>dir</highlight><highlight class="normal"></highlight></codeline>
<codeline lineno="176"><highlight class="normal"><sp/><sp/><sp/><sp/><sp/><sp/><sp/><sp/></highlight><highlight class="keywordflow">if</highlight><highlight class="normal"><sp/>(SD.mkdir(dirName))<sp/>{</highlight></codeline>
<codeline lineno="177"><highlight class="normal"><sp/><sp/><sp/><sp/><sp/><sp/><sp/><sp/><sp/><sp/>SDCARDLogLn((String)</highlight><highlight class="stringliteral">&quot;Dir<sp/>created&quot;</highlight><highlight class="normal"><sp/>+<sp/>dirName);</highlight></codeline>
<codeline lineno="178"><highlight class="normal"><sp/><sp/><sp/><sp/><sp/><sp/><sp/><sp/>}<sp/></highlight><highlight class="keywordflow">else</highlight><highlight class="normal"><sp/>{</highlight></codeline>
<codeline lineno="179"><highlight class="normal"><sp/><sp/><sp/><sp/><sp/><sp/><sp/><sp/><sp/><sp/>SDCARDLogLn(</highlight><highlight class="stringliteral">&quot;mkdir<sp/>failed&quot;</highlight><highlight class="normal">);</highlight></codeline>
<codeline lineno="180"><highlight class="normal"><sp/><sp/><sp/><sp/><sp/><sp/><sp/><sp/><sp/><sp/></highlight><highlight class="keywordflow">return</highlight><highlight class="normal"><sp/></highlight><highlight class="keyword">false</highlight><highlight class="normal">;</highlight></codeline>
<codeline lineno="181"><highlight class="normal"><sp/><sp/><sp/><sp/><sp/><sp/><sp/><sp/>}</highlight></codeline>
<codeline lineno="182"><highlight class="normal"><sp/><sp/><sp/><sp/><sp/><sp/>}</highlight></codeline>
<codeline lineno="183"><highlight class="normal"><sp/><sp/><sp/><sp/>}</highlight></codeline>
<codeline lineno="184"><highlight class="normal"><sp/><sp/><sp/><sp/>sep_at<sp/>=<sp/>strchr(sep_at<sp/>+<sp/>1,<sp/>separator);</highlight></codeline>
<codeline lineno="185"><highlight class="normal"><sp/><sp/>}</highlight></codeline>
<codeline lineno="186"><highlight class="normal"></highlight></codeline>
<codeline lineno="187"><highlight class="normal"><sp/><sp/></highlight><highlight class="keywordflow">if</highlight><highlight class="normal"><sp/>(!<ref refid="_s_d__card__helper_8cpp_1a0bc73afc8f2e6e3ada4cfb920a2b27b8" kindref="member">SD_Exist</ref>(path))</highlight></codeline>
<codeline lineno="188"><highlight class="normal"><sp/><sp/>{</highlight></codeline>
<codeline lineno="189"><highlight class="normal"><sp/><sp/><sp/><sp/>File<sp/>file<sp/>=<sp/>SD.open(path,<sp/>FILE_WRITE);</highlight></codeline>
<codeline lineno="190"><highlight class="normal"><sp/><sp/><sp/><sp/></highlight><highlight class="keywordflow">if</highlight><highlight class="normal"><sp/>(file)</highlight></codeline>
<codeline lineno="191"><highlight class="normal"><sp/><sp/><sp/><sp/>{</highlight></codeline>
<codeline lineno="192"><highlight class="normal"><sp/><sp/><sp/><sp/><sp/><sp/>SDCARDLogLn((String)</highlight><highlight class="stringliteral">&quot;Dir<sp/>created&quot;</highlight><highlight class="normal"><sp/>+<sp/>path);</highlight></codeline>
<codeline lineno="193"><highlight class="normal"><sp/><sp/><sp/><sp/><sp/><sp/></highlight><highlight class="keywordflow">return</highlight><highlight class="normal"><sp/></highlight><highlight class="keyword">true</highlight><highlight class="normal">;</highlight></codeline>
<codeline lineno="194"><highlight class="normal"><sp/><sp/><sp/><sp/><sp/><sp/>file.close();</highlight></codeline>
<codeline lineno="195"><highlight class="normal"><sp/><sp/><sp/><sp/>}</highlight></codeline>
<codeline lineno="196"><highlight class="normal"><sp/><sp/>}</highlight></codeline>
<codeline lineno="197"><highlight class="normal"><sp/><sp/></highlight><highlight class="keywordflow">return</highlight><highlight class="normal"><sp/></highlight><highlight class="keyword">false</highlight><highlight class="normal">;<sp/></highlight><highlight class="comment">//file<sp/>already<sp/>exist<sp/>then<sp/>return<sp/>this</highlight><highlight class="normal"></highlight></codeline>
<codeline lineno="198"><highlight class="normal">}</highlight></codeline>
<codeline lineno="199"><highlight class="normal"></highlight></codeline>
<codeline lineno="208" refid="_s_d__card__helper_8h_1aca513d87f074fd0a8cc9dccbf8738cc1" refkind="member"><highlight class="keywordtype">bool</highlight><highlight class="normal"><sp/><ref refid="_s_d__card__helper_8cpp_1aca513d87f074fd0a8cc9dccbf8738cc1" kindref="member">SD_rmDir</ref>(</highlight><highlight class="keyword">const</highlight><highlight class="normal"><sp/></highlight><highlight class="keywordtype">char</highlight><highlight class="normal"><sp/>*<sp/>path)</highlight></codeline>
<codeline lineno="209"><highlight class="normal">{</highlight></codeline>
<codeline lineno="210"><highlight class="normal"><sp/><sp/>SDCARDLogF(</highlight><highlight class="stringliteral">&quot;Removing<sp/>Dir:<sp/>%s\n&quot;</highlight><highlight class="normal">,<sp/>path);</highlight></codeline>
<codeline lineno="211"><highlight class="normal"><sp/><sp/></highlight><highlight class="keywordflow">if</highlight><highlight class="normal"><sp/>(SD.rmdir(path))</highlight></codeline>
<codeline lineno="212"><highlight class="normal"><sp/><sp/>{</highlight></codeline>
<codeline lineno="213"><highlight class="normal"><sp/><sp/><sp/><sp/>SDCARDLogLn(</highlight><highlight class="stringliteral">&quot;Dir<sp/>removed&quot;</highlight><highlight class="normal">);</highlight></codeline>
<codeline lineno="214"><highlight class="normal"><sp/><sp/><sp/><sp/></highlight><highlight class="keywordflow">return</highlight><highlight class="normal"><sp/></highlight><highlight class="keyword">true</highlight><highlight class="normal">;</highlight></codeline>
<codeline lineno="215"><highlight class="normal"><sp/><sp/>}</highlight></codeline>
<codeline lineno="216"><highlight class="normal"><sp/><sp/>SDCARDLogLn(</highlight><highlight class="stringliteral">&quot;rmdir<sp/>failed&quot;</highlight><highlight class="normal">);</highlight></codeline>
<codeline lineno="217"><highlight class="normal"><sp/><sp/></highlight><highlight class="keywordflow">return</highlight><highlight class="normal"><sp/></highlight><highlight class="keyword">false</highlight><highlight class="normal">;</highlight></codeline>
<codeline lineno="218"><highlight class="normal"></highlight></codeline>
<codeline lineno="219"><highlight class="normal">}</highlight></codeline>
<codeline lineno="220"><highlight class="normal"></highlight></codeline>
<codeline lineno="221"><highlight class="normal"></highlight></codeline>
<codeline lineno="230" refid="_s_d__card__helper_8h_1a46f7a6bcbff6b307b587e3675a2a297d" refkind="member"><highlight class="keywordtype">bool</highlight><highlight class="normal"><sp/><ref refid="_s_d__card__helper_8cpp_1a46f7a6bcbff6b307b587e3675a2a297d" kindref="member">SD_rmFile</ref>(</highlight><highlight class="keyword">const</highlight><highlight class="normal"><sp/></highlight><highlight class="keywordtype">char</highlight><highlight class="normal"><sp/>*<sp/>path)</highlight></codeline>
<codeline lineno="231"><highlight class="normal">{</highlight></codeline>
<codeline lineno="232"><highlight class="normal"><sp/><sp/>SDCARDLogF(</highlight><highlight class="stringliteral">&quot;Deleting<sp/>file:<sp/>%s\n&quot;</highlight><highlight class="normal">,<sp/>path);</highlight></codeline>
<codeline lineno="233"><highlight class="normal"><sp/><sp/></highlight><highlight class="keywordflow">if</highlight><highlight class="normal"><sp/>(SD.remove(path))</highlight></codeline>
<codeline lineno="234"><highlight class="normal"><sp/><sp/>{</highlight></codeline>
<codeline lineno="235"><highlight class="normal"><sp/><sp/><sp/><sp/>SDCARDLogLn(</highlight><highlight class="stringliteral">&quot;File<sp/>deleted&quot;</highlight><highlight class="normal">);</highlight></codeline>
<codeline lineno="236"><highlight class="normal"><sp/><sp/><sp/><sp/></highlight><highlight class="keywordflow">return</highlight><highlight class="normal"><sp/></highlight><highlight class="keyword">true</highlight><highlight class="normal">;</highlight></codeline>
<codeline lineno="237"><highlight class="normal"><sp/><sp/>}</highlight></codeline>
<codeline lineno="238"><highlight class="normal"><sp/><sp/>SDCARDLogLn(</highlight><highlight class="stringliteral">&quot;Delete<sp/>failed&quot;</highlight><highlight class="normal">);</highlight></codeline>
<codeline lineno="239"><highlight class="normal"><sp/><sp/></highlight><highlight class="keywordflow">return</highlight><highlight class="normal"><sp/></highlight><highlight class="keyword">false</highlight><highlight class="normal">;</highlight></codeline>
<codeline lineno="240"><highlight class="normal">}</highlight></codeline>
<codeline lineno="241"><highlight class="normal"></highlight></codeline>
<codeline lineno="251" refid="_s_d__card__helper_8h_1ac10ee12972e4d78e785852bbeee48a16" refkind="member"><highlight class="keywordtype">bool</highlight><highlight class="normal"><sp/><ref refid="_s_d__card__helper_8cpp_1ac10ee12972e4d78e785852bbeee48a16" kindref="member">SD_CopyFile</ref>(</highlight><highlight class="keyword">const</highlight><highlight class="normal"><sp/></highlight><highlight class="keywordtype">char</highlight><highlight class="normal"><sp/>*<sp/>src<sp/>,<sp/></highlight><highlight class="keyword">const</highlight><highlight class="normal"><sp/></highlight><highlight class="keywordtype">char</highlight><highlight class="normal"><sp/>*<sp/>dest)</highlight></codeline>
<codeline lineno="252"><highlight class="normal">{</highlight></codeline>
<codeline lineno="253"><highlight class="normal"><sp/><sp/>uint8_t<sp/>ret;</highlight></codeline>
<codeline lineno="254"><highlight class="normal"><sp/><sp/>uint8_t<sp/>buf[5000];</highlight></codeline>
<codeline lineno="255"><highlight class="normal"></highlight></codeline>
<codeline lineno="256"><highlight class="normal"><sp/><sp/>File<sp/>filesrc<sp/>=<sp/>SD.open(src,<sp/>FILE_READ);</highlight></codeline>
<codeline lineno="257"><highlight class="normal"><sp/><sp/></highlight><highlight class="keywordflow">if</highlight><highlight class="normal"><sp/>(!filesrc)</highlight></codeline>
<codeline lineno="258"><highlight class="normal"><sp/><sp/>{</highlight></codeline>
<codeline lineno="259"><highlight class="normal"><sp/><sp/><sp/><sp/>SDCARDLogLn(</highlight><highlight class="stringliteral">&quot;Failed<sp/>to<sp/>open<sp/>file<sp/>for<sp/>Copying&quot;</highlight><highlight class="normal">);</highlight></codeline>
<codeline lineno="260"><highlight class="normal"><sp/><sp/><sp/><sp/></highlight><highlight class="keywordflow">return</highlight><highlight class="normal"><sp/></highlight><highlight class="keyword">false</highlight><highlight class="normal">;</highlight></codeline>
<codeline lineno="261"><highlight class="normal"><sp/><sp/>}</highlight></codeline>
<codeline lineno="262"><highlight class="normal"><sp/><sp/>File<sp/>filedest<sp/>=<sp/>SD.open(dest,<sp/>FILE_WRITE);</highlight></codeline>
<codeline lineno="263"><highlight class="normal"><sp/><sp/></highlight><highlight class="keywordflow">if</highlight><highlight class="normal"><sp/>(!filesrc)</highlight></codeline>
<codeline lineno="264"><highlight class="normal"><sp/><sp/>{</highlight></codeline>
<codeline lineno="265"><highlight class="normal"><sp/><sp/><sp/><sp/>SDCARDLogLn(</highlight><highlight class="stringliteral">&quot;Failed<sp/>to<sp/>open<sp/>file<sp/>for<sp/>Pasting&quot;</highlight><highlight class="normal">);</highlight></codeline>
<codeline lineno="266"><highlight class="normal"><sp/><sp/><sp/><sp/></highlight><highlight class="keywordflow">return</highlight><highlight class="normal"><sp/></highlight><highlight class="keyword">false</highlight><highlight class="normal">;</highlight></codeline>
<codeline lineno="267"><highlight class="normal"><sp/><sp/>}</highlight></codeline>
<codeline lineno="268"><highlight class="normal"><sp/><sp/>SDCARDLogLn(</highlight><highlight class="stringliteral">&quot;File<sp/>copying<sp/>...&quot;</highlight><highlight class="normal">);</highlight></codeline>
<codeline lineno="269"><highlight class="normal"><sp/><sp/>uint32_t<sp/>t<sp/>=<sp/>millis();</highlight></codeline>
<codeline lineno="270"><highlight class="normal"><sp/><sp/></highlight><highlight class="keywordflow">while</highlight><highlight class="normal"><sp/>(filesrc.available())<sp/>{</highlight></codeline>
<codeline lineno="271"><highlight class="normal"><sp/><sp/><sp/><sp/></highlight><highlight class="comment">//int<sp/>ret<sp/>=<sp/>filesrc.read(buf,<sp/>5000);</highlight><highlight class="normal"></highlight></codeline>
<codeline lineno="272"><highlight class="normal"><sp/><sp/><sp/><sp/>filedest.write(buf,<sp/>filesrc.read(buf,<sp/>5000));</highlight></codeline>
<codeline lineno="273"><highlight class="normal"><sp/><sp/>}</highlight></codeline>
<codeline lineno="274"><highlight class="normal"><sp/><sp/>SDCARDLogLn((String)</highlight><highlight class="stringliteral">&quot;Copy<sp/>Completed.<sp/>Time<sp/>Taken<sp/>&quot;</highlight><highlight class="normal"><sp/>+<sp/>(millis()<sp/>-<sp/>t));</highlight></codeline>
<codeline lineno="275"><highlight class="normal"><sp/><sp/></highlight><highlight class="keywordflow">return</highlight><highlight class="normal"><sp/></highlight><highlight class="keyword">true</highlight><highlight class="normal">;</highlight></codeline>
<codeline lineno="276"><highlight class="normal">}</highlight></codeline>
<codeline lineno="277"><highlight class="normal"></highlight></codeline>
<codeline lineno="291" refid="_s_d__card__helper_8h_1ab2354b3a5e1972da3f1c9f54614ecbff" refkind="member"><highlight class="normal">uint32_t<sp/><ref refid="_s_d__card__helper_8cpp_1ab2354b3a5e1972da3f1c9f54614ecbff" kindref="member">SD_ReadFile</ref>(uint64_t<sp/>address,<sp/>uint8_t<sp/>*buf<sp/>,<sp/>uint32_t<sp/>len,<sp/></highlight><highlight class="keyword">const</highlight><highlight class="normal"><sp/></highlight><highlight class="keywordtype">char</highlight><highlight class="normal"><sp/>*path)</highlight></codeline>
<codeline lineno="292"><highlight class="normal">{</highlight></codeline>
<codeline lineno="293"><highlight class="normal"><sp/><sp/>File<sp/>file<sp/>=<sp/>SD.open(path,<sp/>FILE_READ);</highlight></codeline>
<codeline lineno="294"><highlight class="normal"><sp/><sp/></highlight><highlight class="keywordflow">if</highlight><highlight class="normal"><sp/>(!file)</highlight></codeline>
<codeline lineno="295"><highlight class="normal"><sp/><sp/>{</highlight></codeline>
<codeline lineno="296"><highlight class="normal"><sp/><sp/><sp/><sp/>SDCARDLogLn(</highlight><highlight class="stringliteral">&quot;Failed<sp/>to<sp/>open<sp/>file<sp/>for<sp/>writing&quot;</highlight><highlight class="normal">);</highlight></codeline>
<codeline lineno="297"><highlight class="normal"><sp/><sp/><sp/><sp/></highlight><highlight class="keywordflow">return</highlight><highlight class="normal"><sp/></highlight><highlight class="keyword">false</highlight><highlight class="normal">;</highlight></codeline>
<codeline lineno="298"><highlight class="normal"><sp/><sp/>}</highlight></codeline>
<codeline lineno="299"><highlight class="normal"><sp/><sp/>uint64_t<sp/>fileSize<sp/>=<sp/>file.size();</highlight></codeline>
<codeline lineno="300"><highlight class="normal"><sp/><sp/>uint16_t<sp/>ret<sp/>=<sp/>0;</highlight></codeline>
<codeline lineno="301"><highlight class="normal"><sp/><sp/></highlight><highlight class="keywordflow">if</highlight><highlight class="normal"><sp/>(file.seek(address))</highlight></codeline>
<codeline lineno="302"><highlight class="normal"><sp/><sp/>{</highlight></codeline>
<codeline lineno="303"><highlight class="normal"><sp/><sp/><sp/><sp/>ret<sp/>=<sp/>file.read(buf,<sp/>len);</highlight></codeline>
<codeline lineno="304"><highlight class="normal"><sp/><sp/><sp/><sp/><ref refid="_s_d__card__helper_8cpp_1aa28affbe1eedc3523fa1ae0f9b01a822" kindref="member">readFilePointer</ref><sp/>=<sp/>address<sp/>+<sp/>ret;</highlight></codeline>
<codeline lineno="305"><highlight class="normal"><sp/><sp/><sp/><sp/>SDCARDLogF(</highlight><highlight class="stringliteral">&quot;readFilePointer<sp/>-<sp/>%ld<sp/>,<sp/>fileReadFlag<sp/>%d<sp/>-<sp/>fileSize<sp/>-<sp/>%ld\n&quot;</highlight><highlight class="normal">,<sp/>(</highlight><highlight class="keywordtype">long</highlight><highlight class="normal"><sp/></highlight><highlight class="keywordtype">int</highlight><highlight class="normal">)<ref refid="_s_d__card__helper_8cpp_1aa28affbe1eedc3523fa1ae0f9b01a822" kindref="member">readFilePointer</ref>,<sp/><ref refid="_s_d__card__helper_8cpp_1a3e4809a7dc7fba7699a7f1913e094189" kindref="member">fileReadFlag</ref>,<sp/>(</highlight><highlight class="keywordtype">long</highlight><highlight class="normal"><sp/></highlight><highlight class="keywordtype">int</highlight><highlight class="normal">)fileSize);</highlight></codeline>
<codeline lineno="306"><highlight class="normal"><sp/><sp/><sp/><sp/></highlight><highlight class="keywordflow">if</highlight><highlight class="normal"><sp/>(<ref refid="_s_d__card__helper_8cpp_1aa28affbe1eedc3523fa1ae0f9b01a822" kindref="member">readFilePointer</ref><sp/>&gt;=<sp/>fileSize)</highlight></codeline>
<codeline lineno="307"><highlight class="normal"><sp/><sp/><sp/><sp/>{</highlight></codeline>
<codeline lineno="308"><highlight class="normal"><sp/><sp/><sp/><sp/><sp/><sp/><ref refid="_s_d__card__helper_8cpp_1a3e4809a7dc7fba7699a7f1913e094189" kindref="member">fileReadFlag</ref><sp/>=<sp/>1;</highlight></codeline>
<codeline lineno="309"><highlight class="normal"><sp/><sp/><sp/><sp/><sp/><sp/><ref refid="_s_d__card__helper_8cpp_1aa28affbe1eedc3523fa1ae0f9b01a822" kindref="member">readFilePointer</ref><sp/>=<sp/>0;</highlight></codeline>
<codeline lineno="310"><highlight class="normal"><sp/><sp/><sp/><sp/>}</highlight></codeline>
<codeline lineno="311"><highlight class="normal"><sp/><sp/><sp/><sp/></highlight><highlight class="keywordflow">else</highlight><highlight class="normal"></highlight></codeline>
<codeline lineno="312"><highlight class="normal"><sp/><sp/><sp/><sp/><sp/><sp/><ref refid="_s_d__card__helper_8cpp_1a3e4809a7dc7fba7699a7f1913e094189" kindref="member">fileReadFlag</ref><sp/>=<sp/>0;</highlight></codeline>
<codeline lineno="313"><highlight class="normal"><sp/><sp/><sp/><sp/></highlight><highlight class="keywordflow">return</highlight><highlight class="normal"><sp/>ret;</highlight></codeline>
<codeline lineno="314"><highlight class="normal"><sp/><sp/>}</highlight></codeline>
<codeline lineno="315"><highlight class="normal"><sp/><sp/></highlight><highlight class="keywordflow">else</highlight><highlight class="normal"></highlight></codeline>
<codeline lineno="316"><highlight class="normal"><sp/><sp/>{</highlight></codeline>
<codeline lineno="317"><highlight class="normal"><sp/><sp/><sp/><sp/><ref refid="_s_d__card__helper_8cpp_1aa28affbe1eedc3523fa1ae0f9b01a822" kindref="member">readFilePointer</ref><sp/>=<sp/>0;</highlight></codeline>
<codeline lineno="318"><highlight class="normal"><sp/><sp/><sp/><sp/>SDCARDLogLn(</highlight><highlight class="stringliteral">&quot;Not<sp/>Valid<sp/>Adress&quot;</highlight><highlight class="normal">);</highlight></codeline>
<codeline lineno="319"><highlight class="normal"><sp/><sp/>}</highlight></codeline>
<codeline lineno="320"><highlight class="normal"></highlight></codeline>
<codeline lineno="321"><highlight class="normal"><sp/><sp/></highlight><highlight class="keywordflow">return</highlight><highlight class="normal"><sp/>0;</highlight></codeline>
<codeline lineno="322"><highlight class="normal">}</highlight></codeline>
<codeline lineno="323"><highlight class="normal"></highlight></codeline>
<codeline lineno="335" refid="_s_d__card__helper_8h_1a58256f6c0f46a9a2b59fb2cf428986b7" refkind="member"><highlight class="normal">uint32_t<sp/><ref refid="_s_d__card__helper_8cpp_1a58256f6c0f46a9a2b59fb2cf428986b7" kindref="member">SD_WriteFile</ref>(uint8_t<sp/>*<sp/>buf<sp/>,<sp/>uint32_t<sp/>len,<sp/></highlight><highlight class="keyword">const</highlight><highlight class="normal"><sp/></highlight><highlight class="keywordtype">char</highlight><highlight class="normal"><sp/>*<sp/>path)</highlight></codeline>
<codeline lineno="336"><highlight class="normal">{</highlight></codeline>
<codeline lineno="337"><highlight class="normal"><sp/><sp/>uint8_t<sp/>ret<sp/>=<sp/>0;</highlight></codeline>
<codeline lineno="338"><highlight class="normal"><sp/><sp/>File<sp/>file<sp/>=<sp/>SD.open(path,<sp/>FILE_APPEND);</highlight></codeline>
<codeline lineno="339"><highlight class="normal"><sp/><sp/></highlight><highlight class="keywordflow">if</highlight><highlight class="normal"><sp/>(!file)</highlight></codeline>
<codeline lineno="340"><highlight class="normal"><sp/><sp/>{</highlight></codeline>
<codeline lineno="341"><highlight class="normal"><sp/><sp/><sp/><sp/>SDCARDLogLn(</highlight><highlight class="stringliteral">&quot;Failed<sp/>to<sp/>open<sp/>file<sp/>for<sp/>writing&quot;</highlight><highlight class="normal">);</highlight></codeline>
<codeline lineno="342"><highlight class="normal"><sp/><sp/><sp/><sp/></highlight><highlight class="keywordflow">return</highlight><highlight class="normal"><sp/>0;</highlight></codeline>
<codeline lineno="343"><highlight class="normal"><sp/><sp/>}</highlight></codeline>
<codeline lineno="344"><highlight class="normal"><sp/><sp/></highlight><highlight class="keywordflow">if</highlight><highlight class="normal"><sp/>(file.seek(<ref refid="_s_d__card__helper_8cpp_1a0bcbeb95adb50f4a97326e2e17594050" kindref="member">writeFilePointer</ref>))</highlight></codeline>
<codeline lineno="345"><highlight class="normal"><sp/><sp/>{</highlight></codeline>
<codeline lineno="346"><highlight class="normal"><sp/><sp/><sp/><sp/>ret<sp/>=<sp/>file.write(buf,<sp/>len);</highlight></codeline>
<codeline lineno="347"><highlight class="normal"><sp/><sp/><sp/><sp/><ref refid="_s_d__card__helper_8cpp_1a0bcbeb95adb50f4a97326e2e17594050" kindref="member">writeFilePointer</ref><sp/>+=<sp/>ret;</highlight></codeline>
<codeline lineno="348"><highlight class="normal"><sp/><sp/><sp/><sp/></highlight><highlight class="keywordflow">return</highlight><highlight class="normal"><sp/>ret;</highlight></codeline>
<codeline lineno="349"><highlight class="normal"><sp/><sp/>}</highlight></codeline>
<codeline lineno="350"><highlight class="normal"><sp/><sp/>SDCARDLogLn(</highlight><highlight class="stringliteral">&quot;file<sp/>seek<sp/>failed&quot;</highlight><highlight class="normal">);</highlight></codeline>
<codeline lineno="351"><highlight class="normal"><sp/><sp/></highlight><highlight class="keywordflow">return</highlight><highlight class="normal"><sp/></highlight><highlight class="keyword">false</highlight><highlight class="normal">;</highlight></codeline>
<codeline lineno="352"><highlight class="normal">}</highlight></codeline>
<codeline lineno="353"><highlight class="normal"></highlight></codeline>
<codeline lineno="362" refid="_s_d__card__helper_8h_1a21179aaa8cda011660fcd640f3c67bea" refkind="member"><highlight class="normal">uint64_t<sp/><ref refid="_s_d__card__helper_8cpp_1a21179aaa8cda011660fcd640f3c67bea" kindref="member">Get_File_Size</ref>(<sp/></highlight><highlight class="keyword">const</highlight><highlight class="normal"><sp/></highlight><highlight class="keywordtype">char</highlight><highlight class="normal"><sp/>*<sp/>path)</highlight></codeline>
<codeline lineno="363"><highlight class="normal">{</highlight></codeline>
<codeline lineno="364"><highlight class="normal"><sp/><sp/>File<sp/>file<sp/>=<sp/>SD.open(path,<sp/>FILE_READ);</highlight></codeline>
<codeline lineno="365"><highlight class="normal"><sp/><sp/></highlight><highlight class="keywordflow">if</highlight><highlight class="normal"><sp/>(!file)</highlight></codeline>
<codeline lineno="366"><highlight class="normal"><sp/><sp/>{</highlight></codeline>
<codeline lineno="367"><highlight class="normal"><sp/><sp/><sp/><sp/>SDCARDLogLn(</highlight><highlight class="stringliteral">&quot;Failed<sp/>to<sp/>open<sp/>file<sp/>for<sp/>get<sp/>file<sp/>size&quot;</highlight><highlight class="normal">);</highlight></codeline>
<codeline lineno="368"><highlight class="normal"><sp/><sp/><sp/><sp/></highlight><highlight class="keywordflow">return</highlight><highlight class="normal"><sp/>0;</highlight></codeline>
<codeline lineno="369"><highlight class="normal"><sp/><sp/>}</highlight></codeline>
<codeline lineno="370"><highlight class="normal"><sp/><sp/>uint64_t<sp/>fileSize<sp/>=<sp/>file.size();</highlight></codeline>
<codeline lineno="371"><highlight class="normal"><sp/><sp/>file.close();</highlight></codeline>
<codeline lineno="372"><highlight class="normal"><sp/><sp/></highlight><highlight class="keywordflow">return</highlight><highlight class="normal"><sp/>fileSize;</highlight></codeline>
<codeline lineno="373"><highlight class="normal">}</highlight></codeline>
<codeline lineno="374"><highlight class="normal"></highlight></codeline>
<codeline lineno="381" refid="_s_d__card__helper_8h_1a7e3758916c25528519402459fb945f98" refkind="member"><highlight class="keywordtype">void</highlight><highlight class="normal"><sp/><ref refid="_s_d__card__helper_8cpp_1a7e3758916c25528519402459fb945f98" kindref="member">writeEEPROMData</ref>()</highlight></codeline>
<codeline lineno="382"><highlight class="normal">{</highlight></codeline>
<codeline lineno="383"><highlight class="normal"><sp/><sp/></highlight><highlight class="keywordtype">int</highlight><highlight class="normal"><sp/>address<sp/>=<sp/>0;</highlight></codeline>
<codeline lineno="384"><highlight class="normal"><sp/><sp/>EEPROM.writeUInt(address,<sp/><ref refid="_s_d__card__helper_8cpp_1aa28affbe1eedc3523fa1ae0f9b01a822" kindref="member">readFilePointer</ref>);<sp/><sp/><sp/><sp/><sp/><sp/><sp/><sp/><sp/><sp/><sp/></highlight><highlight class="comment">//<sp/>2^32<sp/>-<sp/>1</highlight><highlight class="normal"></highlight></codeline>
<codeline lineno="385"><highlight class="normal"></highlight></codeline>
<codeline lineno="386"><highlight class="normal"><sp/><sp/>address<sp/>+=<sp/></highlight><highlight class="keyword">sizeof</highlight><highlight class="normal">(<ref refid="_s_d__card__helper_8cpp_1aa28affbe1eedc3523fa1ae0f9b01a822" kindref="member">readFilePointer</ref>);</highlight></codeline>
<codeline lineno="387"><highlight class="normal"></highlight></codeline>
<codeline lineno="388"><highlight class="normal"><sp/><sp/>EEPROM.writeUInt(address,<sp/><ref refid="_s_d__card__helper_8cpp_1a0bcbeb95adb50f4a97326e2e17594050" kindref="member">writeFilePointer</ref>);<sp/><sp/><sp/><sp/><sp/><sp/><sp/><sp/><sp/></highlight><highlight class="comment">//<sp/>2^32<sp/>-<sp/>1</highlight><highlight class="normal"></highlight></codeline>
<codeline lineno="389"><highlight class="normal"></highlight></codeline>
<codeline lineno="390"><highlight class="normal"><sp/><sp/>address<sp/>+=<sp/></highlight><highlight class="keyword">sizeof</highlight><highlight class="normal">(<ref refid="_s_d__card__helper_8cpp_1a0bcbeb95adb50f4a97326e2e17594050" kindref="member">writeFilePointer</ref>);</highlight></codeline>
<codeline lineno="391"><highlight class="normal"></highlight></codeline>
<codeline lineno="392"><highlight class="normal"><sp/><sp/>EEPROM.writeUInt(address,<sp/><ref refid="_s_d__card__helper_8cpp_1a82b0932a26cde8561a4861d35d1c6b70" kindref="member">epVariable</ref>);<sp/><sp/><sp/><sp/><sp/><sp/><sp/><sp/><sp/><sp/><sp/><sp/><sp/><sp/><sp/></highlight><highlight class="comment">//<sp/>2^32<sp/>-<sp/>1</highlight><highlight class="normal"></highlight></codeline>
<codeline lineno="393"><highlight class="normal"></highlight></codeline>
<codeline lineno="394"><highlight class="normal"><sp/><sp/>EEPROM.commit();</highlight></codeline>
<codeline lineno="395"><highlight class="normal">}</highlight></codeline>
<codeline lineno="396"><highlight class="normal"></highlight></codeline>
<codeline lineno="403" refid="_s_d__card__helper_8h_1a7eff365862963a0d979b29768e05018c" refkind="member"><highlight class="keywordtype">void</highlight><highlight class="normal"><sp/><ref refid="_s_d__card__helper_8cpp_1a7eff365862963a0d979b29768e05018c" kindref="member">readEEPROMData</ref><sp/>()</highlight></codeline>
<codeline lineno="404"><highlight class="normal">{</highlight></codeline>
<codeline lineno="405"><highlight class="normal"><sp/><sp/></highlight><highlight class="keywordtype">int</highlight><highlight class="normal"><sp/>address<sp/>=<sp/>0;</highlight></codeline>
<codeline lineno="406"><highlight class="normal"><sp/><sp/><ref refid="_s_d__card__helper_8cpp_1aa28affbe1eedc3523fa1ae0f9b01a822" kindref="member">readFilePointer</ref><sp/>=<sp/>EEPROM.readUInt(address);<sp/><sp/><sp/><sp/><sp/><sp/><sp/><sp/><sp/><sp/><sp/></highlight><highlight class="comment">//<sp/>2^32<sp/>-<sp/>1</highlight><highlight class="normal"></highlight></codeline>
<codeline lineno="407"><highlight class="normal"><sp/><sp/>address<sp/>+=<sp/></highlight><highlight class="keyword">sizeof</highlight><highlight class="normal">(<ref refid="_s_d__card__helper_8cpp_1aa28affbe1eedc3523fa1ae0f9b01a822" kindref="member">readFilePointer</ref>);</highlight></codeline>
<codeline lineno="408"><highlight class="normal"></highlight></codeline>
<codeline lineno="409"><highlight class="normal"><sp/><sp/><ref refid="_s_d__card__helper_8cpp_1a0bcbeb95adb50f4a97326e2e17594050" kindref="member">writeFilePointer</ref><sp/>=<sp/>EEPROM.readUInt(address);<sp/><sp/><sp/><sp/><sp/><sp/><sp/><sp/></highlight><highlight class="comment">//<sp/>2^32<sp/>-<sp/>1</highlight><highlight class="normal"></highlight></codeline>
<codeline lineno="410"><highlight class="normal"><sp/><sp/>address<sp/>+=<sp/></highlight><highlight class="keyword">sizeof</highlight><highlight class="normal">(<ref refid="_s_d__card__helper_8cpp_1a0bcbeb95adb50f4a97326e2e17594050" kindref="member">writeFilePointer</ref>);</highlight></codeline>
<codeline lineno="411"><highlight class="normal"></highlight></codeline>
<codeline lineno="412"><highlight class="normal"><sp/><sp/><ref refid="_s_d__card__helper_8cpp_1a82b0932a26cde8561a4861d35d1c6b70" kindref="member">epVariable</ref><sp/><sp/>=<sp/>EEPROM.readUInt(address);<sp/><sp/><sp/><sp/><sp/><sp/><sp/><sp/><sp/><sp/><sp/><sp/><sp/></highlight><highlight class="comment">//<sp/>2^32<sp/>-1</highlight><highlight class="normal"></highlight></codeline>
<codeline lineno="413"><highlight class="normal">}</highlight></codeline>
<codeline lineno="414"><highlight class="normal"></highlight></codeline>
<codeline lineno="415"><highlight class="normal"></highlight></codeline>
<codeline lineno="425" refid="_s_d__card__helper_8h_1a29e430a7ef7e93aa99b5f283e6a214d9" refkind="member"><highlight class="keywordtype">void</highlight><highlight class="normal"><sp/><ref refid="_s_d__card__helper_8cpp_1a29e430a7ef7e93aa99b5f283e6a214d9" kindref="member">SD_ListDir</ref>(</highlight><highlight class="keyword">const</highlight><highlight class="normal"><sp/></highlight><highlight class="keywordtype">char</highlight><highlight class="normal"><sp/>*<sp/>dirname,<sp/>uint8_t<sp/>levels)</highlight></codeline>
<codeline lineno="426"><highlight class="normal">{</highlight></codeline>
<codeline lineno="427"><highlight class="normal"><sp/><sp/>SDCARDLogF(</highlight><highlight class="stringliteral">&quot;Listing<sp/>directory:<sp/>%s\n&quot;</highlight><highlight class="normal">,<sp/>dirname);</highlight></codeline>
<codeline lineno="428"><highlight class="normal"></highlight></codeline>
<codeline lineno="429"><highlight class="normal"><sp/><sp/>File<sp/>root<sp/>=<sp/>SD.open(dirname);</highlight></codeline>
<codeline lineno="430"><highlight class="normal"><sp/><sp/></highlight><highlight class="keywordflow">if</highlight><highlight class="normal"><sp/>(!root)</highlight></codeline>
<codeline lineno="431"><highlight class="normal"><sp/><sp/>{</highlight></codeline>
<codeline lineno="432"><highlight class="normal"><sp/><sp/><sp/><sp/>SDCARDLogLn(</highlight><highlight class="stringliteral">&quot;Failed<sp/>to<sp/>open<sp/>directory&quot;</highlight><highlight class="normal">);</highlight></codeline>
<codeline lineno="433"><highlight class="normal"><sp/><sp/><sp/><sp/></highlight><highlight class="keywordflow">return</highlight><highlight class="normal">;</highlight></codeline>
<codeline lineno="434"><highlight class="normal"><sp/><sp/>}</highlight></codeline>
<codeline lineno="435"><highlight class="normal"><sp/><sp/></highlight><highlight class="keywordflow">if</highlight><highlight class="normal"><sp/>(!root.isDirectory())</highlight></codeline>
<codeline lineno="436"><highlight class="normal"><sp/><sp/>{</highlight></codeline>
<codeline lineno="437"><highlight class="normal"><sp/><sp/><sp/><sp/>SDCARDLogLn(</highlight><highlight class="stringliteral">&quot;Not<sp/>a<sp/>directory&quot;</highlight><highlight class="normal">);</highlight></codeline>
<codeline lineno="438"><highlight class="normal"><sp/><sp/><sp/><sp/></highlight><highlight class="keywordflow">return</highlight><highlight class="normal">;</highlight></codeline>
<codeline lineno="439"><highlight class="normal"><sp/><sp/>}</highlight></codeline>
<codeline lineno="440"><highlight class="normal"></highlight></codeline>
<codeline lineno="441"><highlight class="normal"><sp/><sp/>File<sp/>file<sp/>=<sp/>root.openNextFile();</highlight></codeline>
<codeline lineno="442"><highlight class="normal"><sp/><sp/></highlight><highlight class="keywordflow">while</highlight><highlight class="normal"><sp/>(file)</highlight></codeline>
<codeline lineno="443"><highlight class="normal"><sp/><sp/>{</highlight></codeline>
<codeline lineno="444"><highlight class="normal"><sp/><sp/><sp/><sp/></highlight><highlight class="keywordflow">if</highlight><highlight class="normal"><sp/>(file.isDirectory())</highlight></codeline>
<codeline lineno="445"><highlight class="normal"><sp/><sp/><sp/><sp/>{</highlight></codeline>
<codeline lineno="446"><highlight class="normal"><sp/><sp/><sp/><sp/><sp/><sp/>SDCARDLog(</highlight><highlight class="stringliteral">&quot;<sp/><sp/>DIR<sp/>:<sp/>&quot;</highlight><highlight class="normal">);</highlight></codeline>
<codeline lineno="447"><highlight class="normal"><sp/><sp/><sp/><sp/><sp/><sp/>SDCARDLogLn(file.name());</highlight></codeline>
<codeline lineno="448"><highlight class="normal"><sp/><sp/><sp/><sp/><sp/><sp/></highlight><highlight class="keywordflow">if</highlight><highlight class="normal"><sp/>(levels)</highlight></codeline>
<codeline lineno="449"><highlight class="normal"><sp/><sp/><sp/><sp/><sp/><sp/>{</highlight></codeline>
<codeline lineno="450"><highlight class="normal"><sp/><sp/><sp/><sp/><sp/><sp/><sp/><sp/><ref refid="_s_d__card__helper_8cpp_1a29e430a7ef7e93aa99b5f283e6a214d9" kindref="member">SD_ListDir</ref>(file.name(),<sp/>levels<sp/>-<sp/>1);</highlight></codeline>
<codeline lineno="451"><highlight class="normal"><sp/><sp/><sp/><sp/><sp/><sp/>}</highlight></codeline>
<codeline lineno="452"><highlight class="normal"><sp/><sp/><sp/><sp/>}</highlight></codeline>
<codeline lineno="453"><highlight class="normal"><sp/><sp/><sp/><sp/></highlight><highlight class="keywordflow">else</highlight><highlight class="normal"></highlight></codeline>
<codeline lineno="454"><highlight class="normal"><sp/><sp/><sp/><sp/>{</highlight></codeline>
<codeline lineno="455"><highlight class="normal"><sp/><sp/><sp/><sp/><sp/><sp/>SDCARDLog(</highlight><highlight class="stringliteral">&quot;<sp/><sp/>FILE:<sp/>&quot;</highlight><highlight class="normal">);</highlight></codeline>
<codeline lineno="456"><highlight class="normal"><sp/><sp/><sp/><sp/><sp/><sp/>SDCARDLog(file.name());</highlight></codeline>
<codeline lineno="457"><highlight class="normal"><sp/><sp/><sp/><sp/><sp/><sp/>SDCARDLog(</highlight><highlight class="stringliteral">&quot;<sp/><sp/>SIZE:<sp/>&quot;</highlight><highlight class="normal">);</highlight></codeline>
<codeline lineno="458"><highlight class="normal"><sp/><sp/><sp/><sp/><sp/><sp/>SDCARDLogLn(file.size());</highlight></codeline>
<codeline lineno="459"><highlight class="normal"><sp/><sp/><sp/><sp/>}</highlight></codeline>
<codeline lineno="460"><highlight class="normal"><sp/><sp/><sp/><sp/>file<sp/>=<sp/>root.openNextFile();</highlight></codeline>
<codeline lineno="461"><highlight class="normal"><sp/><sp/>}</highlight></codeline>
<codeline lineno="462"><highlight class="normal">}</highlight></codeline>
<codeline lineno="463"><highlight class="normal"></highlight></codeline>
<codeline lineno="473" refid="_s_d__card__helper_8h_1ae331ac4ed83a1ff2c7253f74f2769761" refkind="member"><highlight class="keywordtype">bool</highlight><highlight class="normal"><sp/><ref refid="_s_d__card__helper_8cpp_1ae331ac4ed83a1ff2c7253f74f2769761" kindref="member">SD_RenameFile</ref>(</highlight><highlight class="keyword">const</highlight><highlight class="normal"><sp/></highlight><highlight class="keywordtype">char</highlight><highlight class="normal"><sp/>*<sp/>path1,<sp/></highlight><highlight class="keyword">const</highlight><highlight class="normal"><sp/></highlight><highlight class="keywordtype">char</highlight><highlight class="normal"><sp/>*<sp/>path2)</highlight></codeline>
<codeline lineno="474"><highlight class="normal">{</highlight></codeline>
<codeline lineno="475"><highlight class="normal"><sp/><sp/>SDCARDLogF(</highlight><highlight class="stringliteral">&quot;Renaming<sp/>file<sp/>%s<sp/>to<sp/>%s\n&quot;</highlight><highlight class="normal">,<sp/>path1,<sp/>path2);</highlight></codeline>
<codeline lineno="476"><highlight class="normal"><sp/><sp/></highlight><highlight class="keywordflow">if</highlight><highlight class="normal"><sp/>(SD.rename(path1,<sp/>path2))</highlight></codeline>
<codeline lineno="477"><highlight class="normal"><sp/><sp/>{</highlight></codeline>
<codeline lineno="478"><highlight class="normal"><sp/><sp/><sp/><sp/>SDCARDLogLn(</highlight><highlight class="stringliteral">&quot;File<sp/>renamed&quot;</highlight><highlight class="normal">);</highlight></codeline>
<codeline lineno="479"><highlight class="normal"><sp/><sp/><sp/><sp/></highlight><highlight class="keywordflow">return</highlight><highlight class="normal"><sp/></highlight><highlight class="keyword">true</highlight><highlight class="normal">;</highlight></codeline>
<codeline lineno="480"><highlight class="normal"><sp/><sp/>}</highlight></codeline>
<codeline lineno="481"><highlight class="normal"><sp/><sp/>SDCARDLogLn(</highlight><highlight class="stringliteral">&quot;Rename<sp/>failed&quot;</highlight><highlight class="normal">);</highlight></codeline>
<codeline lineno="482"><highlight class="normal"><sp/><sp/></highlight><highlight class="keywordflow">return</highlight><highlight class="normal"><sp/></highlight><highlight class="keyword">false</highlight><highlight class="normal">;</highlight></codeline>
<codeline lineno="483"><highlight class="normal">}</highlight></codeline>
    </programlisting>
    <location file="C:/Users/Dhananjay/Documents/Arduino/ESP32FTP_FILE_TRANSFER/SD_card_helper.cpp"/>
  </compounddef>
</doxygen>
