<?xml version='1.0' encoding='UTF-8' standalone='no'?>
<doxygen xmlns:xsi="http://www.w3.org/2001/XMLSchema-instance" xsi:noNamespaceSchemaLocation="compound.xsd" version="1.8.15">
  <compounddef id="crc32_8h" kind="file" language="C++">
    <compoundname>crc32.h</compoundname>
    <includes local="no">Arduino.h</includes>
    <includedby refid="crc32_8cpp" local="yes">C:/Users/Dhananjay/Documents/Arduino/ESP32FTP_FILE_TRANSFER/crc32.cpp</includedby>
    <incdepgraph>
      <node id="17">
        <label>C:/Users/Dhananjay/Documents/Arduino/ESP32FTP_FILE_TRANSFER/crc32.h</label>
        <link refid="crc32_8h"/>
        <childnode refid="18" relation="include">
        </childnode>
      </node>
      <node id="18">
        <label>Arduino.h</label>
      </node>
    </incdepgraph>
    <invincdepgraph>
      <node id="19">
        <label>C:/Users/Dhananjay/Documents/Arduino/ESP32FTP_FILE_TRANSFER/crc32.h</label>
        <link refid="crc32_8h"/>
        <childnode refid="20" relation="include">
        </childnode>
      </node>
      <node id="20">
        <label>C:/Users/Dhananjay/Documents/Arduino/ESP32FTP_FILE_TRANSFER/crc32.cpp</label>
        <link refid="crc32_8cpp"/>
      </node>
    </invincdepgraph>
      <sectiondef kind="func">
      <memberdef kind="function" id="crc32_8h_1a7bebc0796d435982c9a05ad7e5b31543" prot="public" static="no" const="no" explicit="no" inline="no" virt="non-virtual">
        <type>uint32_t</type>
        <definition>uint32_t getFileCrc</definition>
        <argsstring>(const char *path)</argsstring>
        <name>getFileCrc</name>
        <param>
          <type>const char *</type>
          <declname>path</declname>
        </param>
        <briefdescription>
<para>calculate crc32 of file and return it </para>
        </briefdescription>
        <detaileddescription>
<para><parameterlist kind="param"><parameteritem>
<parameternamelist>
<parametername>*path</parametername>
</parameternamelist>
<parameterdescription>
<para>pointer to file path</para>
</parameterdescription>
</parameteritem>
</parameterlist>
<simplesect kind="return"><para>crc32 </para>
</simplesect>
</para>
        </detaileddescription>
        <inbodydescription>
        </inbodydescription>
        <location file="C:/Users/Dhananjay/Documents/Arduino/ESP32FTP_FILE_TRANSFER/crc32.h" line="14" column="1" bodyfile="C:/Users/Dhananjay/Documents/Arduino/ESP32FTP_FILE_TRANSFER/crc32.cpp" bodystart="100" bodyend="118"/>
        <references refid="crc32_8cpp_1abea75bdfcefde551048a74a9e1d0a1a5" compoundref="crc32_8cpp" startline="79" endline="92">crc32</references>
      </memberdef>
      </sectiondef>
    <briefdescription>
<para>Function prototypes for CRC32 calculation. </para>
    </briefdescription>
    <detaileddescription>
<para>This contains the prototypes for the CRC32 calculation. and eventually any macros, constants, or global variables you will need.</para>
<para><simplesect kind="author"><para>Dhananjay Khairnar </para>
</simplesect>
</para>
    </detaileddescription>
    <programlisting>
<codeline lineno="1"></codeline>
<codeline lineno="10"><highlight class="preprocessor">#ifndef<sp/>__CRC32_H</highlight><highlight class="normal"></highlight></codeline>
<codeline lineno="11"><highlight class="normal"></highlight><highlight class="preprocessor">#define<sp/>__CRC32_H</highlight><highlight class="normal"></highlight></codeline>
<codeline lineno="12"><highlight class="normal"></highlight><highlight class="preprocessor">#include<sp/>&lt;Arduino.h&gt;</highlight><highlight class="normal"></highlight></codeline>
<codeline lineno="13"><highlight class="normal"></highlight></codeline>
<codeline lineno="14"><highlight class="normal">uint32_t<sp/><ref refid="crc32_8h_1a7bebc0796d435982c9a05ad7e5b31543" kindref="member">getFileCrc</ref>(</highlight><highlight class="keyword">const</highlight><highlight class="normal"><sp/></highlight><highlight class="keywordtype">char</highlight><highlight class="normal"><sp/>*<sp/>path);</highlight></codeline>
<codeline lineno="15"><highlight class="normal"></highlight></codeline>
<codeline lineno="16"><highlight class="normal"></highlight><highlight class="preprocessor">#endif</highlight></codeline>
    </programlisting>
    <location file="C:/Users/Dhananjay/Documents/Arduino/ESP32FTP_FILE_TRANSFER/crc32.h"/>
  </compounddef>
</doxygen>
