<?xml version='1.0' encoding='UTF-8' standalone='no'?>
<doxygen xmlns:xsi="http://www.w3.org/2001/XMLSchema-instance" xsi:noNamespaceSchemaLocation="compound.xsd" version="1.8.15">
  <compounddef id="crc32_8cpp" kind="file" language="C++">
    <compoundname>crc32.cpp</compoundname>
    <includes refid="crc32_8h" local="yes">crc32.h</includes>
    <includes refid="_s_d__card__helper_8h" local="yes">SD_card_helper.h</includes>
    <incdepgraph>
      <node id="13">
        <label>SD.h</label>
      </node>
      <node id="11">
        <label>SD_card_helper.h</label>
        <link refid="_s_d__card__helper_8h"/>
        <childnode refid="10" relation="include">
        </childnode>
        <childnode refid="12" relation="include">
        </childnode>
        <childnode refid="13" relation="include">
        </childnode>
        <childnode refid="14" relation="include">
        </childnode>
        <childnode refid="15" relation="include">
        </childnode>
      </node>
      <node id="12">
        <label>FS.h</label>
      </node>
      <node id="14">
        <label>SPI.h</label>
      </node>
      <node id="9">
        <label>crc32.h</label>
        <link refid="crc32_8h"/>
        <childnode refid="10" relation="include">
        </childnode>
      </node>
      <node id="8">
        <label>C:/Users/Dhananjay/Documents/Arduino/ESP32FTP_FILE_TRANSFER/crc32.cpp</label>
        <link refid="crc32_8cpp"/>
        <childnode refid="9" relation="include">
        </childnode>
        <childnode refid="11" relation="include">
        </childnode>
      </node>
      <node id="10">
        <label>Arduino.h</label>
      </node>
      <node id="15">
        <label>EEPROM.h</label>
      </node>
    </incdepgraph>
      <sectiondef kind="var">
      <memberdef kind="variable" id="crc32_8cpp_1aa6718a3bedd632e2c8a8abddde1bf22f" prot="public" static="yes" mutable="no">
        <type>const uint32_t crc_32_tab []</type>
        <definition>const uint32_t crc_32_tab [] PROGMEM</definition>
        <argsstring></argsstring>
        <name>PROGMEM</name>
        <briefdescription>
        </briefdescription>
        <detaileddescription>
        </detaileddescription>
        <inbodydescription>
        </inbodydescription>
        <location file="C:/Users/Dhananjay/Documents/Arduino/ESP32FTP_FILE_TRANSFER/crc32.cpp" line="12" column="1" bodyfile="C:/Users/Dhananjay/Documents/Arduino/ESP32FTP_FILE_TRANSFER/crc32.cpp" bodystart="12" bodyend="-1"/>
      </memberdef>
      </sectiondef>
      <sectiondef kind="func">
      <memberdef kind="function" id="crc32_8cpp_1a38f5e6728718afd5fbc587089945b036" prot="public" static="no" const="no" explicit="no" inline="yes" virt="non-virtual">
        <type>uint32_t</type>
        <definition>uint32_t updateCRC32</definition>
        <argsstring>(uint8_t ch, uint32_t crc)</argsstring>
        <name>updateCRC32</name>
        <param>
          <type>uint8_t</type>
          <declname>ch</declname>
        </param>
        <param>
          <type>uint32_t</type>
          <declname>crc</declname>
        </param>
        <briefdescription>
<para>This function updated crc for new byte. </para>
        </briefdescription>
        <detaileddescription>
<para><parameterlist kind="param"><parameteritem>
<parameternamelist>
<parametername>ch</parametername>
</parameternamelist>
<parameterdescription>
<para>new charecter </para>
</parameterdescription>
</parameteritem>
<parameteritem>
<parameternamelist>
<parametername>crc</parametername>
</parameternamelist>
<parameterdescription>
<para>previous crc</para>
</parameterdescription>
</parameteritem>
</parameterlist>
<simplesect kind="return"><para>updated crc </para>
</simplesect>
</para>
        </detaileddescription>
        <inbodydescription>
        </inbodydescription>
        <location file="C:/Users/Dhananjay/Documents/Arduino/ESP32FTP_FILE_TRANSFER/crc32.cpp" line="65" column="1" bodyfile="C:/Users/Dhananjay/Documents/Arduino/ESP32FTP_FILE_TRANSFER/crc32.cpp" bodystart="65" bodyend="70"/>
        <referencedby refid="crc32_8cpp_1abea75bdfcefde551048a74a9e1d0a1a5" compoundref="crc32_8cpp" startline="79" endline="92">crc32</referencedby>
      </memberdef>
      <memberdef kind="function" id="crc32_8cpp_1abea75bdfcefde551048a74a9e1d0a1a5" prot="public" static="no" const="no" explicit="no" inline="no" virt="non-virtual">
        <type>uint32_t</type>
        <definition>uint32_t crc32</definition>
        <argsstring>(File &amp;file, uint32_t &amp;charcnt)</argsstring>
        <name>crc32</name>
        <param>
          <type>File &amp;</type>
          <declname>file</declname>
        </param>
        <param>
          <type>uint32_t &amp;</type>
          <declname>charcnt</declname>
        </param>
        <briefdescription>
<para>This function calculates crc32. </para>
        </briefdescription>
        <detaileddescription>
<para><parameterlist kind="param"><parameteritem>
<parameternamelist>
<parametername>file</parametername>
</parameternamelist>
<parameterdescription>
<para>file pointer </para>
</parameterdescription>
</parameteritem>
<parameteritem>
<parameternamelist>
<parametername>charcnt</parametername>
</parameternamelist>
<parameterdescription>
<para>file size</para>
</parameterdescription>
</parameteritem>
</parameterlist>
<simplesect kind="return"><para>updated crc </para>
</simplesect>
</para>
        </detaileddescription>
        <inbodydescription>
        </inbodydescription>
        <location file="C:/Users/Dhananjay/Documents/Arduino/ESP32FTP_FILE_TRANSFER/crc32.cpp" line="79" column="1" bodyfile="C:/Users/Dhananjay/Documents/Arduino/ESP32FTP_FILE_TRANSFER/crc32.cpp" bodystart="79" bodyend="92"/>
        <references refid="crc32_8cpp_1a38f5e6728718afd5fbc587089945b036" compoundref="crc32_8cpp" startline="65" endline="70">updateCRC32</references>
        <referencedby refid="crc32_8h_1a7bebc0796d435982c9a05ad7e5b31543" compoundref="crc32_8cpp" startline="100" endline="118">getFileCrc</referencedby>
      </memberdef>
      <memberdef kind="function" id="crc32_8cpp_1a7bebc0796d435982c9a05ad7e5b31543" prot="public" static="no" const="no" explicit="no" inline="no" virt="non-virtual">
        <type>uint32_t</type>
        <definition>uint32_t getFileCrc</definition>
        <argsstring>(const char *path)</argsstring>
        <name>getFileCrc</name>
        <param>
          <type>const char *</type>
          <declname>path</declname>
        </param>
        <briefdescription>
<para>calculate crc32 of file and return it </para>
        </briefdescription>
        <detaileddescription>
<para><parameterlist kind="param"><parameteritem>
<parameternamelist>
<parametername>*path</parametername>
</parameternamelist>
<parameterdescription>
<para>pointer to file path</para>
</parameterdescription>
</parameteritem>
</parameterlist>
<simplesect kind="return"><para>crc32 </para>
</simplesect>
</para>
        </detaileddescription>
        <inbodydescription>
        </inbodydescription>
        <location file="C:/Users/Dhananjay/Documents/Arduino/ESP32FTP_FILE_TRANSFER/crc32.cpp" line="100" column="1" bodyfile="C:/Users/Dhananjay/Documents/Arduino/ESP32FTP_FILE_TRANSFER/crc32.cpp" bodystart="100" bodyend="118"/>
        <references refid="crc32_8cpp_1abea75bdfcefde551048a74a9e1d0a1a5" compoundref="crc32_8cpp" startline="79" endline="92">crc32</references>
      </memberdef>
      </sectiondef>
    <briefdescription>
<para>Function implimentation for crc32 calculation. </para>
    </briefdescription>
    <detaileddescription>
<para>This contains the implimentation for the crc32 calculation functionalities.</para>
<para><simplesect kind="author"><para>Dhananjay Khairnar </para>
</simplesect>
</para>
    </detaileddescription>
    <programlisting>
<codeline lineno="1"></codeline>
<codeline lineno="9"><highlight class="preprocessor">#include<sp/>&quot;<ref refid="crc32_8h" kindref="compound">crc32.h</ref>&quot;</highlight><highlight class="normal"></highlight></codeline>
<codeline lineno="10"><highlight class="normal"></highlight><highlight class="preprocessor">#include<sp/>&quot;<ref refid="_s_d__card__helper_8h" kindref="compound">SD_card_helper.h</ref>&quot;</highlight><highlight class="normal"></highlight></codeline>
<codeline lineno="11"><highlight class="normal"></highlight></codeline>
<codeline lineno="12"><highlight class="normal"></highlight><highlight class="keyword">static</highlight><highlight class="normal"><sp/></highlight><highlight class="keyword">const</highlight><highlight class="normal"><sp/>uint32_t<sp/>crc_32_tab[]<sp/>PROGMEM<sp/>=<sp/>{<sp/></highlight><highlight class="comment">/*<sp/>CRC<sp/>polynomial<sp/>0xedb88320<sp/>*/</highlight><highlight class="normal"></highlight></codeline>
<codeline lineno="13"><highlight class="normal"><sp/><sp/>0x00000000,<sp/>0x77073096,<sp/>0xee0e612c,<sp/>0x990951ba,<sp/>0x076dc419,<sp/>0x706af48f,</highlight></codeline>
<codeline lineno="14"><highlight class="normal"><sp/><sp/>0xe963a535,<sp/>0x9e6495a3,<sp/>0x0edb8832,<sp/>0x79dcb8a4,<sp/>0xe0d5e91e,<sp/>0x97d2d988,</highlight></codeline>
<codeline lineno="15"><highlight class="normal"><sp/><sp/>0x09b64c2b,<sp/>0x7eb17cbd,<sp/>0xe7b82d07,<sp/>0x90bf1d91,<sp/>0x1db71064,<sp/>0x6ab020f2,</highlight></codeline>
<codeline lineno="16"><highlight class="normal"><sp/><sp/>0xf3b97148,<sp/>0x84be41de,<sp/>0x1adad47d,<sp/>0x6ddde4eb,<sp/>0xf4d4b551,<sp/>0x83d385c7,</highlight></codeline>
<codeline lineno="17"><highlight class="normal"><sp/><sp/>0x136c9856,<sp/>0x646ba8c0,<sp/>0xfd62f97a,<sp/>0x8a65c9ec,<sp/>0x14015c4f,<sp/>0x63066cd9,</highlight></codeline>
<codeline lineno="18"><highlight class="normal"><sp/><sp/>0xfa0f3d63,<sp/>0x8d080df5,<sp/>0x3b6e20c8,<sp/>0x4c69105e,<sp/>0xd56041e4,<sp/>0xa2677172,</highlight></codeline>
<codeline lineno="19"><highlight class="normal"><sp/><sp/>0x3c03e4d1,<sp/>0x4b04d447,<sp/>0xd20d85fd,<sp/>0xa50ab56b,<sp/>0x35b5a8fa,<sp/>0x42b2986c,</highlight></codeline>
<codeline lineno="20"><highlight class="normal"><sp/><sp/>0xdbbbc9d6,<sp/>0xacbcf940,<sp/>0x32d86ce3,<sp/>0x45df5c75,<sp/>0xdcd60dcf,<sp/>0xabd13d59,</highlight></codeline>
<codeline lineno="21"><highlight class="normal"><sp/><sp/>0x26d930ac,<sp/>0x51de003a,<sp/>0xc8d75180,<sp/>0xbfd06116,<sp/>0x21b4f4b5,<sp/>0x56b3c423,</highlight></codeline>
<codeline lineno="22"><highlight class="normal"><sp/><sp/>0xcfba9599,<sp/>0xb8bda50f,<sp/>0x2802b89e,<sp/>0x5f058808,<sp/>0xc60cd9b2,<sp/>0xb10be924,</highlight></codeline>
<codeline lineno="23"><highlight class="normal"><sp/><sp/>0x2f6f7c87,<sp/>0x58684c11,<sp/>0xc1611dab,<sp/>0xb6662d3d,<sp/>0x76dc4190,<sp/>0x01db7106,</highlight></codeline>
<codeline lineno="24"><highlight class="normal"><sp/><sp/>0x98d220bc,<sp/>0xefd5102a,<sp/>0x71b18589,<sp/>0x06b6b51f,<sp/>0x9fbfe4a5,<sp/>0xe8b8d433,</highlight></codeline>
<codeline lineno="25"><highlight class="normal"><sp/><sp/>0x7807c9a2,<sp/>0x0f00f934,<sp/>0x9609a88e,<sp/>0xe10e9818,<sp/>0x7f6a0dbb,<sp/>0x086d3d2d,</highlight></codeline>
<codeline lineno="26"><highlight class="normal"><sp/><sp/>0x91646c97,<sp/>0xe6635c01,<sp/>0x6b6b51f4,<sp/>0x1c6c6162,<sp/>0x856530d8,<sp/>0xf262004e,</highlight></codeline>
<codeline lineno="27"><highlight class="normal"><sp/><sp/>0x6c0695ed,<sp/>0x1b01a57b,<sp/>0x8208f4c1,<sp/>0xf50fc457,<sp/>0x65b0d9c6,<sp/>0x12b7e950,</highlight></codeline>
<codeline lineno="28"><highlight class="normal"><sp/><sp/>0x8bbeb8ea,<sp/>0xfcb9887c,<sp/>0x62dd1ddf,<sp/>0x15da2d49,<sp/>0x8cd37cf3,<sp/>0xfbd44c65,</highlight></codeline>
<codeline lineno="29"><highlight class="normal"><sp/><sp/>0x4db26158,<sp/>0x3ab551ce,<sp/>0xa3bc0074,<sp/>0xd4bb30e2,<sp/>0x4adfa541,<sp/>0x3dd895d7,</highlight></codeline>
<codeline lineno="30"><highlight class="normal"><sp/><sp/>0xa4d1c46d,<sp/>0xd3d6f4fb,<sp/>0x4369e96a,<sp/>0x346ed9fc,<sp/>0xad678846,<sp/>0xda60b8d0,</highlight></codeline>
<codeline lineno="31"><highlight class="normal"><sp/><sp/>0x44042d73,<sp/>0x33031de5,<sp/>0xaa0a4c5f,<sp/>0xdd0d7cc9,<sp/>0x5005713c,<sp/>0x270241aa,</highlight></codeline>
<codeline lineno="32"><highlight class="normal"><sp/><sp/>0xbe0b1010,<sp/>0xc90c2086,<sp/>0x5768b525,<sp/>0x206f85b3,<sp/>0xb966d409,<sp/>0xce61e49f,</highlight></codeline>
<codeline lineno="33"><highlight class="normal"><sp/><sp/>0x5edef90e,<sp/>0x29d9c998,<sp/>0xb0d09822,<sp/>0xc7d7a8b4,<sp/>0x59b33d17,<sp/>0x2eb40d81,</highlight></codeline>
<codeline lineno="34"><highlight class="normal"><sp/><sp/>0xb7bd5c3b,<sp/>0xc0ba6cad,<sp/>0xedb88320,<sp/>0x9abfb3b6,<sp/>0x03b6e20c,<sp/>0x74b1d29a,</highlight></codeline>
<codeline lineno="35"><highlight class="normal"><sp/><sp/>0xead54739,<sp/>0x9dd277af,<sp/>0x04db2615,<sp/>0x73dc1683,<sp/>0xe3630b12,<sp/>0x94643b84,</highlight></codeline>
<codeline lineno="36"><highlight class="normal"><sp/><sp/>0x0d6d6a3e,<sp/>0x7a6a5aa8,<sp/>0xe40ecf0b,<sp/>0x9309ff9d,<sp/>0x0a00ae27,<sp/>0x7d079eb1,</highlight></codeline>
<codeline lineno="37"><highlight class="normal"><sp/><sp/>0xf00f9344,<sp/>0x8708a3d2,<sp/>0x1e01f268,<sp/>0x6906c2fe,<sp/>0xf762575d,<sp/>0x806567cb,</highlight></codeline>
<codeline lineno="38"><highlight class="normal"><sp/><sp/>0x196c3671,<sp/>0x6e6b06e7,<sp/>0xfed41b76,<sp/>0x89d32be0,<sp/>0x10da7a5a,<sp/>0x67dd4acc,</highlight></codeline>
<codeline lineno="39"><highlight class="normal"><sp/><sp/>0xf9b9df6f,<sp/>0x8ebeeff9,<sp/>0x17b7be43,<sp/>0x60b08ed5,<sp/>0xd6d6a3e8,<sp/>0xa1d1937e,</highlight></codeline>
<codeline lineno="40"><highlight class="normal"><sp/><sp/>0x38d8c2c4,<sp/>0x4fdff252,<sp/>0xd1bb67f1,<sp/>0xa6bc5767,<sp/>0x3fb506dd,<sp/>0x48b2364b,</highlight></codeline>
<codeline lineno="41"><highlight class="normal"><sp/><sp/>0xd80d2bda,<sp/>0xaf0a1b4c,<sp/>0x36034af6,<sp/>0x41047a60,<sp/>0xdf60efc3,<sp/>0xa867df55,</highlight></codeline>
<codeline lineno="42"><highlight class="normal"><sp/><sp/>0x316e8eef,<sp/>0x4669be79,<sp/>0xcb61b38c,<sp/>0xbc66831a,<sp/>0x256fd2a0,<sp/>0x5268e236,</highlight></codeline>
<codeline lineno="43"><highlight class="normal"><sp/><sp/>0xcc0c7795,<sp/>0xbb0b4703,<sp/>0x220216b9,<sp/>0x5505262f,<sp/>0xc5ba3bbe,<sp/>0xb2bd0b28,</highlight></codeline>
<codeline lineno="44"><highlight class="normal"><sp/><sp/>0x2bb45a92,<sp/>0x5cb36a04,<sp/>0xc2d7ffa7,<sp/>0xb5d0cf31,<sp/>0x2cd99e8b,<sp/>0x5bdeae1d,</highlight></codeline>
<codeline lineno="45"><highlight class="normal"><sp/><sp/>0x9b64c2b0,<sp/>0xec63f226,<sp/>0x756aa39c,<sp/>0x026d930a,<sp/>0x9c0906a9,<sp/>0xeb0e363f,</highlight></codeline>
<codeline lineno="46"><highlight class="normal"><sp/><sp/>0x72076785,<sp/>0x05005713,<sp/>0x95bf4a82,<sp/>0xe2b87a14,<sp/>0x7bb12bae,<sp/>0x0cb61b38,</highlight></codeline>
<codeline lineno="47"><highlight class="normal"><sp/><sp/>0x92d28e9b,<sp/>0xe5d5be0d,<sp/>0x7cdcefb7,<sp/>0x0bdbdf21,<sp/>0x86d3d2d4,<sp/>0xf1d4e242,</highlight></codeline>
<codeline lineno="48"><highlight class="normal"><sp/><sp/>0x68ddb3f8,<sp/>0x1fda836e,<sp/>0x81be16cd,<sp/>0xf6b9265b,<sp/>0x6fb077e1,<sp/>0x18b74777,</highlight></codeline>
<codeline lineno="49"><highlight class="normal"><sp/><sp/>0x88085ae6,<sp/>0xff0f6a70,<sp/>0x66063bca,<sp/>0x11010b5c,<sp/>0x8f659eff,<sp/>0xf862ae69,</highlight></codeline>
<codeline lineno="50"><highlight class="normal"><sp/><sp/>0x616bffd3,<sp/>0x166ccf45,<sp/>0xa00ae278,<sp/>0xd70dd2ee,<sp/>0x4e048354,<sp/>0x3903b3c2,</highlight></codeline>
<codeline lineno="51"><highlight class="normal"><sp/><sp/>0xa7672661,<sp/>0xd06016f7,<sp/>0x4969474d,<sp/>0x3e6e77db,<sp/>0xaed16a4a,<sp/>0xd9d65adc,</highlight></codeline>
<codeline lineno="52"><highlight class="normal"><sp/><sp/>0x40df0b66,<sp/>0x37d83bf0,<sp/>0xa9bcae53,<sp/>0xdebb9ec5,<sp/>0x47b2cf7f,<sp/>0x30b5ffe9,</highlight></codeline>
<codeline lineno="53"><highlight class="normal"><sp/><sp/>0xbdbdf21c,<sp/>0xcabac28a,<sp/>0x53b39330,<sp/>0x24b4a3a6,<sp/>0xbad03605,<sp/>0xcdd70693,</highlight></codeline>
<codeline lineno="54"><highlight class="normal"><sp/><sp/>0x54de5729,<sp/>0x23d967bf,<sp/>0xb3667a2e,<sp/>0xc4614ab8,<sp/>0x5d681b02,<sp/>0x2a6f2b94,</highlight></codeline>
<codeline lineno="55"><highlight class="normal"><sp/><sp/>0xb40bbe37,<sp/>0xc30c8ea1,<sp/>0x5a05df1b,<sp/>0x2d02ef8d</highlight></codeline>
<codeline lineno="56"><highlight class="normal">};</highlight></codeline>
<codeline lineno="57"><highlight class="normal"></highlight></codeline>
<codeline lineno="65" refid="crc32_8cpp_1a38f5e6728718afd5fbc587089945b036" refkind="member"><highlight class="keyword">inline</highlight><highlight class="normal"><sp/>uint32_t<sp/><ref refid="crc32_8cpp_1a38f5e6728718afd5fbc587089945b036" kindref="member">updateCRC32</ref>(uint8_t<sp/>ch,<sp/>uint32_t<sp/>crc)</highlight></codeline>
<codeline lineno="66"><highlight class="normal">{</highlight></codeline>
<codeline lineno="67"><highlight class="normal"><sp/><sp/>uint32_t<sp/>idx<sp/>=<sp/>((crc)<sp/>^<sp/>(ch))<sp/>&amp;<sp/>0xff;</highlight></codeline>
<codeline lineno="68"><highlight class="normal"><sp/><sp/>uint32_t<sp/>tab_value<sp/>=<sp/>pgm_read_dword(crc_32_tab<sp/>+<sp/>idx);</highlight></codeline>
<codeline lineno="69"><highlight class="normal"><sp/><sp/></highlight><highlight class="keywordflow">return</highlight><highlight class="normal"><sp/>tab_value<sp/>^<sp/>((crc)<sp/>&gt;&gt;<sp/>8);</highlight></codeline>
<codeline lineno="70"><highlight class="normal">}</highlight></codeline>
<codeline lineno="71"><highlight class="normal"></highlight></codeline>
<codeline lineno="79" refid="crc32_8cpp_1abea75bdfcefde551048a74a9e1d0a1a5" refkind="member"><highlight class="normal">uint32_t<sp/><ref refid="crc32_8cpp_1abea75bdfcefde551048a74a9e1d0a1a5" kindref="member">crc32</ref>(File<sp/>&amp;file,<sp/>uint32_t<sp/>&amp;charcnt)</highlight></codeline>
<codeline lineno="80"><highlight class="normal">{</highlight></codeline>
<codeline lineno="81"><highlight class="normal"><sp/><sp/>uint32_t<sp/>oldcrc32<sp/>=<sp/>0xFFFFFFFF;</highlight></codeline>
<codeline lineno="82"><highlight class="normal"><sp/><sp/>charcnt<sp/>=<sp/>0;</highlight></codeline>
<codeline lineno="83"><highlight class="normal"></highlight></codeline>
<codeline lineno="84"><highlight class="normal"><sp/><sp/></highlight><highlight class="keywordflow">while</highlight><highlight class="normal"><sp/>(file.available())</highlight></codeline>
<codeline lineno="85"><highlight class="normal"><sp/><sp/>{</highlight></codeline>
<codeline lineno="86"><highlight class="normal"><sp/><sp/><sp/><sp/>uint8_t<sp/>c<sp/>=<sp/>file.read();</highlight></codeline>
<codeline lineno="87"><highlight class="normal"><sp/><sp/><sp/><sp/>charcnt++;</highlight></codeline>
<codeline lineno="88"><highlight class="normal"><sp/><sp/><sp/><sp/>oldcrc32<sp/>=<sp/><ref refid="crc32_8cpp_1a38f5e6728718afd5fbc587089945b036" kindref="member">updateCRC32</ref>(c,<sp/>oldcrc32);</highlight></codeline>
<codeline lineno="89"><highlight class="normal"><sp/><sp/>}</highlight></codeline>
<codeline lineno="90"><highlight class="normal"></highlight></codeline>
<codeline lineno="91"><highlight class="normal"><sp/><sp/></highlight><highlight class="keywordflow">return</highlight><highlight class="normal"><sp/>~oldcrc32;</highlight></codeline>
<codeline lineno="92"><highlight class="normal">}</highlight></codeline>
<codeline lineno="93"><highlight class="normal"></highlight></codeline>
<codeline lineno="100" refid="crc32_8h_1a7bebc0796d435982c9a05ad7e5b31543" refkind="member"><highlight class="normal">uint32_t<sp/><ref refid="crc32_8cpp_1a7bebc0796d435982c9a05ad7e5b31543" kindref="member">getFileCrc</ref>(</highlight><highlight class="keyword">const</highlight><highlight class="normal"><sp/></highlight><highlight class="keywordtype">char</highlight><highlight class="normal"><sp/>*<sp/>path)</highlight></codeline>
<codeline lineno="101"><highlight class="normal">{</highlight></codeline>
<codeline lineno="102"><highlight class="normal"><sp/><sp/>File<sp/>file<sp/>=<sp/>SD.open(path);</highlight></codeline>
<codeline lineno="103"><highlight class="normal"><sp/><sp/></highlight><highlight class="keywordflow">if</highlight><highlight class="normal"><sp/>(!file)<sp/>{</highlight></codeline>
<codeline lineno="104"><highlight class="normal"><sp/><sp/><sp/><sp/>Serial.println(</highlight><highlight class="stringliteral">&quot;Failed<sp/>to<sp/>open<sp/>file.&quot;</highlight><highlight class="normal">);</highlight></codeline>
<codeline lineno="105"><highlight class="normal"><sp/><sp/><sp/><sp/></highlight><highlight class="keywordflow">return</highlight><highlight class="normal"><sp/>0;</highlight></codeline>
<codeline lineno="106"><highlight class="normal"><sp/><sp/>}</highlight></codeline>
<codeline lineno="107"><highlight class="normal"><sp/><sp/>Serial.println(</highlight><highlight class="stringliteral">&quot;Calculating<sp/>CRC...&quot;</highlight><highlight class="normal">);</highlight></codeline>
<codeline lineno="108"><highlight class="normal"><sp/><sp/>uint32_t<sp/>len;</highlight></codeline>
<codeline lineno="109"><highlight class="normal"><sp/><sp/>uint32_t<sp/>t<sp/>=<sp/>millis();</highlight></codeline>
<codeline lineno="110"><highlight class="normal"><sp/><sp/>uint32_t<sp/>crc<sp/>=<sp/><ref refid="crc32_8cpp_1abea75bdfcefde551048a74a9e1d0a1a5" kindref="member">crc32</ref>(file,<sp/>len);</highlight></codeline>
<codeline lineno="111"><highlight class="normal"><sp/><sp/>Serial.print(</highlight><highlight class="stringliteral">&quot;CRC32<sp/>is<sp/>0x&quot;</highlight><highlight class="normal">);</highlight></codeline>
<codeline lineno="112"><highlight class="normal"><sp/><sp/>Serial.println(crc,<sp/>HEX);</highlight></codeline>
<codeline lineno="113"><highlight class="normal"><sp/><sp/>Serial.print(</highlight><highlight class="stringliteral">&quot;File<sp/>length<sp/>was<sp/>&quot;</highlight><highlight class="normal">);</highlight></codeline>
<codeline lineno="114"><highlight class="normal"><sp/><sp/>Serial.println(len);</highlight></codeline>
<codeline lineno="115"><highlight class="normal"><sp/><sp/>Serial.println((String)</highlight><highlight class="stringliteral">&quot;Time<sp/>&quot;</highlight><highlight class="normal"><sp/>+<sp/>(millis()<sp/>-<sp/>t)<sp/>);</highlight></codeline>
<codeline lineno="116"><highlight class="normal"><sp/><sp/>file.close();</highlight></codeline>
<codeline lineno="117"><highlight class="normal"><sp/><sp/></highlight><highlight class="keywordflow">return</highlight><highlight class="normal"><sp/>crc;</highlight></codeline>
<codeline lineno="118"><highlight class="normal">}</highlight></codeline>
<codeline lineno="119"><highlight class="normal"></highlight></codeline>
    </programlisting>
    <location file="C:/Users/Dhananjay/Documents/Arduino/ESP32FTP_FILE_TRANSFER/crc32.cpp"/>
  </compounddef>
</doxygen>
