<?xml version='1.0' encoding='UTF-8' standalone='no'?>
<doxygenindex xmlns:xsi="http://www.w3.org/2001/XMLSchema-instance" xsi:noNamespaceSchemaLocation="index.xsd" version="1.8.15">
  <compound refid="button__helper_8cpp" kind="file"><name>button_helper.cpp</name>
    <member refid="button__helper_8cpp_1a6e379f50b9d24eaed09d0af9d730f0fc" kind="variable"><name>button1pressed</name></member>
    <member refid="button__helper_8cpp_1a0ac4d4a1c8b3a45b44e7fa8b563dbbfb" kind="variable"><name>button2pressed</name></member>
    <member refid="button__helper_8cpp_1a66e60cb3c3d966632378318183ac51d3" kind="function"><name>isr1</name></member>
    <member refid="button__helper_8cpp_1a656c4642beaf65b8c055743869171a2e" kind="function"><name>isr2</name></member>
    <member refid="button__helper_8cpp_1a27d3ba5afb772cc36c9a432c28975ace" kind="function"><name>initButtons</name></member>
    <member refid="button__helper_8cpp_1a9132d2b77dcb7135447679697979745e" kind="function"><name>isButtonPressed</name></member>
  </compound>
  <compound refid="button__helper_8h" kind="file"><name>button_helper.h</name>
    <member refid="button__helper_8h_1ab2544a222ee62e3773e2ea4eb697aade" kind="define"><name>BOTTON_1</name></member>
    <member refid="button__helper_8h_1a7355c8a798e08b5ed57e91e3d4ab0de8" kind="define"><name>BOTTON_2</name></member>
    <member refid="button__helper_8h_1a94800332063d50d6ae930cbdc8f0f711" kind="define"><name>DEBAUNCE_DELAY</name></member>
    <member refid="button__helper_8h_1a27d3ba5afb772cc36c9a432c28975ace" kind="function"><name>initButtons</name></member>
    <member refid="button__helper_8h_1a9132d2b77dcb7135447679697979745e" kind="function"><name>isButtonPressed</name></member>
  </compound>
  <compound refid="crc32_8cpp" kind="file"><name>crc32.cpp</name>
    <member refid="crc32_8cpp_1aa6718a3bedd632e2c8a8abddde1bf22f" kind="variable"><name>PROGMEM</name></member>
    <member refid="crc32_8cpp_1a38f5e6728718afd5fbc587089945b036" kind="function"><name>updateCRC32</name></member>
    <member refid="crc32_8cpp_1abea75bdfcefde551048a74a9e1d0a1a5" kind="function"><name>crc32</name></member>
    <member refid="crc32_8cpp_1a7bebc0796d435982c9a05ad7e5b31543" kind="function"><name>getFileCrc</name></member>
  </compound>
  <compound refid="crc32_8h" kind="file"><name>crc32.h</name>
    <member refid="crc32_8h_1a7bebc0796d435982c9a05ad7e5b31543" kind="function"><name>getFileCrc</name></member>
  </compound>
  <compound refid="led_8cpp" kind="file"><name>led.cpp</name>
    <member refid="led_8cpp_1a586efe898f67cacd16a9870785d921eb" kind="function"><name>initLED</name></member>
    <member refid="led_8cpp_1a22f1d9aa5cb451ea465a5d5381f653fe" kind="function"><name>setLed</name></member>
  </compound>
  <compound refid="led_8h" kind="file"><name>led.h</name>
    <member refid="led_8h_1a620741f492787e04779bab21e6658113" kind="define"><name>LED_1_PIN</name></member>
    <member refid="led_8h_1a78579f743b58c20ec8d10120d8381148" kind="define"><name>LED_2_PIN</name></member>
    <member refid="led_8h_1a5ea98da36d05b171b54c342bcf4a35f7" kind="define"><name>LED_3_PIN</name></member>
    <member refid="led_8h_1a85f36fccd0bafe6be62608812b56e2ca" kind="define"><name>LED_4_PIN</name></member>
    <member refid="led_8h_1a6e4386a4032581f788d9d2577b0c9aaa" kind="define"><name>LED_5_PIN</name></member>
    <member refid="led_8h_1af83172cd2f4f923f875c77d708cb268a" kind="define"><name>LED_6_PIN</name></member>
    <member refid="led_8h_1a04377b4580ff1d79a0dad809e0f2f343" kind="define"><name>LED_7_PIN</name></member>
    <member refid="led_8h_1a30ae26ce08b3a737492507f3e707b785" kind="define"><name>LED_8_PIN</name></member>
    <member refid="led_8h_1a5710eeca5a405a22ab8fddbfd293e728" kind="enum"><name>LED_NUM</name></member>
    <member refid="led_8h_1a5710eeca5a405a22ab8fddbfd293e728a11a9adb9054de1fe01d6a6750075f57b" kind="enumvalue"><name>LED_1</name></member>
    <member refid="led_8h_1a5710eeca5a405a22ab8fddbfd293e728a00af6b2437d9982f1f125d2cc2537c41" kind="enumvalue"><name>LED_2</name></member>
    <member refid="led_8h_1a5710eeca5a405a22ab8fddbfd293e728a3e1b1af0f74f675e4eb7bd18229adfd3" kind="enumvalue"><name>LED_3</name></member>
    <member refid="led_8h_1a5710eeca5a405a22ab8fddbfd293e728ada6e5fa936f81b6b94078ecc353a7f5f" kind="enumvalue"><name>LED_4</name></member>
    <member refid="led_8h_1a5710eeca5a405a22ab8fddbfd293e728ab269092e5bd05f7b80e5970b81458289" kind="enumvalue"><name>LED_5</name></member>
    <member refid="led_8h_1a5710eeca5a405a22ab8fddbfd293e728af99fc5674be734f3f51639902c341834" kind="enumvalue"><name>LED_6</name></member>
    <member refid="led_8h_1a5710eeca5a405a22ab8fddbfd293e728ac498d3ff2225ba31b7b42e17b1676ba8" kind="enumvalue"><name>LED_7</name></member>
    <member refid="led_8h_1a5710eeca5a405a22ab8fddbfd293e728a2979343296d3de46c77082147e0cfe1b" kind="enumvalue"><name>LED_8</name></member>
    <member refid="led_8h_1aa022c82b3d0599e48a060712a316549c" kind="typedef"><name>LED_NUM</name></member>
    <member refid="led_8h_1a586efe898f67cacd16a9870785d921eb" kind="function"><name>initLED</name></member>
    <member refid="led_8h_1a22f1d9aa5cb451ea465a5d5381f653fe" kind="function"><name>setLed</name></member>
  </compound>
  <compound refid="_s_d__card__helper_8cpp" kind="file"><name>SD_card_helper.cpp</name>
    <member refid="_s_d__card__helper_8cpp_1aa28affbe1eedc3523fa1ae0f9b01a822" kind="variable"><name>readFilePointer</name></member>
    <member refid="_s_d__card__helper_8cpp_1a0bcbeb95adb50f4a97326e2e17594050" kind="variable"><name>writeFilePointer</name></member>
    <member refid="_s_d__card__helper_8cpp_1a82b0932a26cde8561a4861d35d1c6b70" kind="variable"><name>epVariable</name></member>
    <member refid="_s_d__card__helper_8cpp_1a3e4809a7dc7fba7699a7f1913e094189" kind="variable"><name>fileReadFlag</name></member>
    <member refid="_s_d__card__helper_8cpp_1a0b1c02d61dc0c4f7c94cfcd5a2a2476a" kind="variable"><name>hspi</name></member>
    <member refid="_s_d__card__helper_8cpp_1a1dc8dcbf1aeaa89314e7d75651d49228" kind="function"><name>SD_Initialize</name></member>
    <member refid="_s_d__card__helper_8cpp_1afb1b3350eaa62e5574ca315d694451d0" kind="function"><name>SD_Detect</name></member>
    <member refid="_s_d__card__helper_8cpp_1a0bc73afc8f2e6e3ada4cfb920a2b27b8" kind="function"><name>SD_Exist</name></member>
    <member refid="_s_d__card__helper_8cpp_1ab48221252583b8c60b4ebcf56b03c7cd" kind="function"><name>SD_mkDir</name></member>
    <member refid="_s_d__card__helper_8cpp_1a49d67922bf03f8791643c139a61890f8" kind="function"><name>SD_mkFile</name></member>
    <member refid="_s_d__card__helper_8cpp_1aca513d87f074fd0a8cc9dccbf8738cc1" kind="function"><name>SD_rmDir</name></member>
    <member refid="_s_d__card__helper_8cpp_1a46f7a6bcbff6b307b587e3675a2a297d" kind="function"><name>SD_rmFile</name></member>
    <member refid="_s_d__card__helper_8cpp_1ac10ee12972e4d78e785852bbeee48a16" kind="function"><name>SD_CopyFile</name></member>
    <member refid="_s_d__card__helper_8cpp_1ab2354b3a5e1972da3f1c9f54614ecbff" kind="function"><name>SD_ReadFile</name></member>
    <member refid="_s_d__card__helper_8cpp_1a58256f6c0f46a9a2b59fb2cf428986b7" kind="function"><name>SD_WriteFile</name></member>
    <member refid="_s_d__card__helper_8cpp_1a21179aaa8cda011660fcd640f3c67bea" kind="function"><name>Get_File_Size</name></member>
    <member refid="_s_d__card__helper_8cpp_1a7e3758916c25528519402459fb945f98" kind="function"><name>writeEEPROMData</name></member>
    <member refid="_s_d__card__helper_8cpp_1a7eff365862963a0d979b29768e05018c" kind="function"><name>readEEPROMData</name></member>
    <member refid="_s_d__card__helper_8cpp_1a29e430a7ef7e93aa99b5f283e6a214d9" kind="function"><name>SD_ListDir</name></member>
    <member refid="_s_d__card__helper_8cpp_1ae331ac4ed83a1ff2c7253f74f2769761" kind="function"><name>SD_RenameFile</name></member>
  </compound>
  <compound refid="_s_d__card__helper_8h" kind="file"><name>SD_card_helper.h</name>
    <member refid="_s_d__card__helper_8h_1ae3ef7bba113f663df6996f286b632a3f" kind="define"><name>EEPROM_SIZE</name></member>
    <member refid="_s_d__card__helper_8h_1a236e9617987f76de6010b063293052c8" kind="define"><name>SDCARD_LOG</name></member>
    <member refid="_s_d__card__helper_8h_1ac05356cc615ae2dc201875005b77f638" kind="define"><name>SDCARDLog</name></member>
    <member refid="_s_d__card__helper_8h_1a503c379e2fd65884228ac5354df56a75" kind="define"><name>SDCARDLogLn</name></member>
    <member refid="_s_d__card__helper_8h_1ac1c436d31f5bdd0314ba6cb7718a023b" kind="define"><name>SDCARDLogF</name></member>
    <member refid="_s_d__card__helper_8h_1aa28affbe1eedc3523fa1ae0f9b01a822" kind="variable"><name>readFilePointer</name></member>
    <member refid="_s_d__card__helper_8h_1a0bcbeb95adb50f4a97326e2e17594050" kind="variable"><name>writeFilePointer</name></member>
    <member refid="_s_d__card__helper_8h_1a82b0932a26cde8561a4861d35d1c6b70" kind="variable"><name>epVariable</name></member>
    <member refid="_s_d__card__helper_8h_1a3e4809a7dc7fba7699a7f1913e094189" kind="variable"><name>fileReadFlag</name></member>
    <member refid="_s_d__card__helper_8h_1a1dc8dcbf1aeaa89314e7d75651d49228" kind="function"><name>SD_Initialize</name></member>
    <member refid="_s_d__card__helper_8h_1afb1b3350eaa62e5574ca315d694451d0" kind="function"><name>SD_Detect</name></member>
    <member refid="_s_d__card__helper_8h_1a0bc73afc8f2e6e3ada4cfb920a2b27b8" kind="function"><name>SD_Exist</name></member>
    <member refid="_s_d__card__helper_8h_1ab48221252583b8c60b4ebcf56b03c7cd" kind="function"><name>SD_mkDir</name></member>
    <member refid="_s_d__card__helper_8h_1a49d67922bf03f8791643c139a61890f8" kind="function"><name>SD_mkFile</name></member>
    <member refid="_s_d__card__helper_8h_1aca513d87f074fd0a8cc9dccbf8738cc1" kind="function"><name>SD_rmDir</name></member>
    <member refid="_s_d__card__helper_8h_1a46f7a6bcbff6b307b587e3675a2a297d" kind="function"><name>SD_rmFile</name></member>
    <member refid="_s_d__card__helper_8h_1ac10ee12972e4d78e785852bbeee48a16" kind="function"><name>SD_CopyFile</name></member>
    <member refid="_s_d__card__helper_8h_1ab2354b3a5e1972da3f1c9f54614ecbff" kind="function"><name>SD_ReadFile</name></member>
    <member refid="_s_d__card__helper_8h_1a58256f6c0f46a9a2b59fb2cf428986b7" kind="function"><name>SD_WriteFile</name></member>
    <member refid="_s_d__card__helper_8h_1a21179aaa8cda011660fcd640f3c67bea" kind="function"><name>Get_File_Size</name></member>
    <member refid="_s_d__card__helper_8h_1a29e430a7ef7e93aa99b5f283e6a214d9" kind="function"><name>SD_ListDir</name></member>
    <member refid="_s_d__card__helper_8h_1ae331ac4ed83a1ff2c7253f74f2769761" kind="function"><name>SD_RenameFile</name></member>
    <member refid="_s_d__card__helper_8h_1a7e3758916c25528519402459fb945f98" kind="function"><name>writeEEPROMData</name></member>
    <member refid="_s_d__card__helper_8h_1a7eff365862963a0d979b29768e05018c" kind="function"><name>readEEPROMData</name></member>
  </compound>
  <compound refid="simple__ftp__client_8cpp" kind="file"><name>simple_ftp_client.cpp</name>
    <member refid="simple__ftp__client_8cpp_1a323dfc205549b3c13f0a25c1b670708a" kind="variable"><name>client</name></member>
    <member refid="simple__ftp__client_8cpp_1a52c0df03bea4f63d38b3b3a2971425ad" kind="variable"><name>dataclient</name></member>
    <member refid="simple__ftp__client_8cpp_1a5521dde139dea78c6e99c708338f95f6" kind="variable"><name>ftpClient</name></member>
    <member refid="simple__ftp__client_8cpp_1aa9a920a2cf8255b59fa1b6efaa431d43" kind="variable"><name>recvBuf</name></member>
    <member refid="simple__ftp__client_8cpp_1acf2e417b4ca9947cecc84d108692fa69" kind="variable"><name>ftpRespDataBuf</name></member>
    <member refid="simple__ftp__client_8cpp_1a6af65732e5b7c485775c7c49a1532fa8" kind="function"><name>ftpflush</name></member>
    <member refid="simple__ftp__client_8cpp_1a5192a8a563617aa2a3acb192ae6d7115" kind="function"><name>connectToFTPServer</name></member>
    <member refid="simple__ftp__client_8cpp_1a31d00d333d4f26f7b8925f99df4331be" kind="function"><name>readFTPResponse</name></member>
    <member refid="simple__ftp__client_8cpp_1a3467a2360ec6e25ec7e2655dc12d3bbd" kind="function"><name>sendFTPCommand</name></member>
    <member refid="simple__ftp__client_8cpp_1ab1da047c9727104381983f9a23399792" kind="function"><name>loginFTPServer</name></member>
    <member refid="simple__ftp__client_8cpp_1a65a5e35dc8809616c3712b8fc09d4c65" kind="function"><name>parseFTPDataPort</name></member>
    <member refid="simple__ftp__client_8cpp_1ae57fda49e235dfe4a092e2f55bb72bc2" kind="function"><name>initFileDownloadSequence</name></member>
    <member refid="simple__ftp__client_8cpp_1a640d7b20175be6e56583013070de4b32" kind="function"><name>downloadFileFromFTP</name></member>
    <member refid="simple__ftp__client_8cpp_1a983c9cc145054b9d504bec8548b99356" kind="function"><name>getFile</name></member>
  </compound>
  <compound refid="simple__ftp__client_8h" kind="file"><name>simple_ftp_client.h</name>
    <member refid="simple__ftp__client_8h_1a1ffea06febf575b95a891ff135330622" kind="define"><name>FTP_Log</name></member>
    <member refid="simple__ftp__client_8h_1aca305aa162a583299d814e4eb6495bfd" kind="define"><name>FTPLog</name></member>
    <member refid="simple__ftp__client_8h_1a2999e245078e771253941daa1d7c8a54" kind="define"><name>FTPLogLn</name></member>
    <member refid="simple__ftp__client_8h_1a44aaa82cbd7158d0a59e112580815209" kind="define"><name>FTPLogF</name></member>
    <member refid="simple__ftp__client_8h_1a8131194276ec6d34a0a9b23dd79d2825" kind="define"><name>DELAY_BETWEEN_COMMAND</name></member>
    <member refid="simple__ftp__client_8h_1ad4913858d3ca85dc4b1dbd93541c9966" kind="enum"><name>EN_FTPResCode</name></member>
    <member refid="simple__ftp__client_8h_1ad4913858d3ca85dc4b1dbd93541c9966a508bba104cd5a43dcf239d5dfeb20069" kind="enumvalue"><name>OPENING_FILE</name></member>
    <member refid="simple__ftp__client_8h_1ad4913858d3ca85dc4b1dbd93541c9966aee62dab80d180773d80f882c0b84c535" kind="enumvalue"><name>LOGIN_SUCCESS</name></member>
    <member refid="simple__ftp__client_8h_1ad4913858d3ca85dc4b1dbd93541c9966abc27a6b909296003973e169faf52f52d" kind="enumvalue"><name>FILE_NOT_FOUND</name></member>
    <member refid="simple__ftp__client_8h_1a45964f74b6e38defc5ac62cbb8841d79" kind="typedef"><name>EN_FTPResCode</name></member>
    <member refid="simple__ftp__client_8h_1a1c2046dcb30a629d6d9f45ff8f403f12" kind="variable"><name>host</name></member>
    <member refid="simple__ftp__client_8h_1ad557241f04cb5be02a382bfc05dde5c4" kind="variable"><name>ftpPort</name></member>
    <member refid="simple__ftp__client_8h_1a01af47afac12d1167720ebd27e9445a6" kind="variable"><name>DataPort</name></member>
    <member refid="simple__ftp__client_8h_1a5192a8a563617aa2a3acb192ae6d7115" kind="function"><name>connectToFTPServer</name></member>
    <member refid="simple__ftp__client_8h_1a3467a2360ec6e25ec7e2655dc12d3bbd" kind="function"><name>sendFTPCommand</name></member>
    <member refid="simple__ftp__client_8h_1ab1da047c9727104381983f9a23399792" kind="function"><name>loginFTPServer</name></member>
    <member refid="simple__ftp__client_8h_1a31d00d333d4f26f7b8925f99df4331be" kind="function"><name>readFTPResponse</name></member>
    <member refid="simple__ftp__client_8h_1a65a5e35dc8809616c3712b8fc09d4c65" kind="function"><name>parseFTPDataPort</name></member>
    <member refid="simple__ftp__client_8h_1ae57fda49e235dfe4a092e2f55bb72bc2" kind="function"><name>initFileDownloadSequence</name></member>
    <member refid="simple__ftp__client_8h_1a640d7b20175be6e56583013070de4b32" kind="function"><name>downloadFileFromFTP</name></member>
    <member refid="simple__ftp__client_8h_1a983c9cc145054b9d504bec8548b99356" kind="function"><name>getFile</name></member>
  </compound>
</doxygenindex>
