<?xml version='1.0' encoding='UTF-8' standalone='no'?>
<doxygen xmlns:xsi="http://www.w3.org/2001/XMLSchema-instance" xsi:noNamespaceSchemaLocation="compound.xsd" version="1.8.15">
  <compounddef id="led_8cpp" kind="file" language="C++">
    <compoundname>led.cpp</compoundname>
    <includes refid="led_8h" local="yes">led.h</includes>
    <incdepgraph>
      <node id="21">
        <label>C:/Users/Dhananjay/Documents/Arduino/ESP32FTP_FILE_TRANSFER/led.cpp</label>
        <link refid="led_8cpp"/>
        <childnode refid="22" relation="include">
        </childnode>
      </node>
      <node id="23">
        <label>Arduino.h</label>
      </node>
      <node id="22">
        <label>led.h</label>
        <link refid="led_8h"/>
        <childnode refid="23" relation="include">
        </childnode>
      </node>
    </incdepgraph>
      <sectiondef kind="func">
      <memberdef kind="function" id="led_8cpp_1a586efe898f67cacd16a9870785d921eb" prot="public" static="no" const="no" explicit="no" inline="no" virt="non-virtual">
        <type>void</type>
        <definition>void initLED</definition>
        <argsstring>()</argsstring>
        <name>initLED</name>
        <briefdescription>
<para>This function initialize led gpio. </para>
        </briefdescription>
        <detaileddescription>
<para><simplesect kind="return"><para>void </para>
</simplesect>
</para>
        </detaileddescription>
        <inbodydescription>
        </inbodydescription>
        <location file="C:/Users/Dhananjay/Documents/Arduino/ESP32FTP_FILE_TRANSFER/led.cpp" line="15" column="1" bodyfile="C:/Users/Dhananjay/Documents/Arduino/ESP32FTP_FILE_TRANSFER/led.cpp" bodystart="15" bodyend="25"/>
      </memberdef>
      <memberdef kind="function" id="led_8cpp_1a22f1d9aa5cb451ea465a5d5381f653fe" prot="public" static="no" const="no" explicit="no" inline="no" virt="non-virtual">
        <type>void</type>
        <definition>void setLed</definition>
        <argsstring>(uint8_t led, uint8_t val)</argsstring>
        <name>setLed</name>
        <param>
          <type>uint8_t</type>
          <declname>led</declname>
        </param>
        <param>
          <type>uint8_t</type>
          <declname>val</declname>
        </param>
        <briefdescription>
<para>This function set value to the led. </para>
        </briefdescription>
        <detaileddescription>
<para><parameterlist kind="param"><parameteritem>
<parameternamelist>
<parametername>led</parametername>
</parameternamelist>
<parameterdescription>
<para>led number LED_1,LED_2,LED_3,LED_4,LED_5,LED_6,LED_7,LED_8 </para>
</parameterdescription>
</parameteritem>
<parameteritem>
<parameternamelist>
<parametername>val</parametername>
</parameternamelist>
<parameterdescription>
<para>value to be set 0 or 1</para>
</parameterdescription>
</parameteritem>
</parameterlist>
<simplesect kind="return"><para>updated crc </para>
</simplesect>
</para>
        </detaileddescription>
        <inbodydescription>
        </inbodydescription>
        <location file="C:/Users/Dhananjay/Documents/Arduino/ESP32FTP_FILE_TRANSFER/led.cpp" line="34" column="1" bodyfile="C:/Users/Dhananjay/Documents/Arduino/ESP32FTP_FILE_TRANSFER/led.cpp" bodystart="34" bodyend="69"/>
      </memberdef>
      </sectiondef>
    <briefdescription>
<para>Function implimentation for led. </para>
    </briefdescription>
    <detaileddescription>
<para>This contains the implimentation for the led functionalities.</para>
<para><simplesect kind="author"><para>Dhananjay Khairnar </para>
</simplesect>
</para>
    </detaileddescription>
    <programlisting>
<codeline lineno="1"></codeline>
<codeline lineno="9"><highlight class="preprocessor">#include<sp/>&quot;<ref refid="led_8h" kindref="compound">led.h</ref>&quot;</highlight><highlight class="normal"></highlight></codeline>
<codeline lineno="10"><highlight class="normal"></highlight></codeline>
<codeline lineno="15" refid="led_8h_1a586efe898f67cacd16a9870785d921eb" refkind="member"><highlight class="keywordtype">void</highlight><highlight class="normal"><sp/><ref refid="led_8cpp_1a586efe898f67cacd16a9870785d921eb" kindref="member">initLED</ref>()</highlight></codeline>
<codeline lineno="16"><highlight class="normal">{</highlight></codeline>
<codeline lineno="17"><highlight class="normal"><sp/><sp/>pinMode(LED_1_PIN,<sp/>OUTPUT);</highlight></codeline>
<codeline lineno="18"><highlight class="normal"><sp/><sp/>pinMode(LED_2_PIN,<sp/>OUTPUT);</highlight></codeline>
<codeline lineno="19"><highlight class="normal"><sp/><sp/>pinMode(LED_3_PIN,<sp/>OUTPUT);</highlight></codeline>
<codeline lineno="20"><highlight class="normal"><sp/><sp/>pinMode(LED_4_PIN,<sp/>OUTPUT);</highlight></codeline>
<codeline lineno="21"><highlight class="normal"><sp/><sp/>pinMode(LED_5_PIN,<sp/>OUTPUT);</highlight></codeline>
<codeline lineno="22"><highlight class="normal"><sp/><sp/>pinMode(LED_6_PIN,<sp/>OUTPUT);</highlight></codeline>
<codeline lineno="23"><highlight class="normal"><sp/><sp/>pinMode(LED_7_PIN,<sp/>OUTPUT);</highlight></codeline>
<codeline lineno="24"><highlight class="normal"><sp/><sp/>pinMode(LED_8_PIN,<sp/>OUTPUT);</highlight></codeline>
<codeline lineno="25"><highlight class="normal">}</highlight></codeline>
<codeline lineno="26"><highlight class="normal"></highlight></codeline>
<codeline lineno="34" refid="led_8h_1a22f1d9aa5cb451ea465a5d5381f653fe" refkind="member"><highlight class="keywordtype">void</highlight><highlight class="normal"><sp/><ref refid="led_8cpp_1a22f1d9aa5cb451ea465a5d5381f653fe" kindref="member">setLed</ref>(uint8_t<sp/>led,<sp/>uint8_t<sp/>val)</highlight></codeline>
<codeline lineno="35"><highlight class="normal">{</highlight></codeline>
<codeline lineno="36"><highlight class="normal"><sp/><sp/></highlight><highlight class="keywordflow">if</highlight><highlight class="normal"><sp/>(led<sp/>==<sp/>LED_1)</highlight></codeline>
<codeline lineno="37"><highlight class="normal"><sp/><sp/>{</highlight></codeline>
<codeline lineno="38"><highlight class="normal"><sp/><sp/><sp/><sp/>Serial.println(</highlight><highlight class="stringliteral">&quot;LED1&quot;</highlight><highlight class="normal">);</highlight></codeline>
<codeline lineno="39"><highlight class="normal"><sp/><sp/><sp/><sp/>digitalWrite<sp/>(LED_1_PIN,<sp/>val<sp/>&amp;<sp/>0x01);</highlight></codeline>
<codeline lineno="40"><highlight class="normal"><sp/><sp/>}</highlight></codeline>
<codeline lineno="41"><highlight class="normal"><sp/><sp/></highlight><highlight class="keywordflow">else</highlight><highlight class="normal"><sp/></highlight><highlight class="keywordflow">if</highlight><highlight class="normal"><sp/>(led<sp/>==<sp/>LED_2)</highlight></codeline>
<codeline lineno="42"><highlight class="normal"><sp/><sp/>{</highlight></codeline>
<codeline lineno="43"><highlight class="normal"><sp/><sp/><sp/><sp/>digitalWrite<sp/>(LED_2_PIN,<sp/>val<sp/>&amp;<sp/>0x01);</highlight></codeline>
<codeline lineno="44"><highlight class="normal"><sp/><sp/>}</highlight></codeline>
<codeline lineno="45"><highlight class="normal"><sp/><sp/></highlight><highlight class="keywordflow">else</highlight><highlight class="normal"><sp/></highlight><highlight class="keywordflow">if</highlight><highlight class="normal"><sp/>(led<sp/>==<sp/>LED_3)</highlight></codeline>
<codeline lineno="46"><highlight class="normal"><sp/><sp/>{</highlight></codeline>
<codeline lineno="47"><highlight class="normal"><sp/><sp/><sp/><sp/>digitalWrite<sp/>(LED_3_PIN,<sp/>val<sp/>&amp;<sp/>0x01);</highlight></codeline>
<codeline lineno="48"><highlight class="normal"><sp/><sp/>}</highlight></codeline>
<codeline lineno="49"><highlight class="normal"><sp/><sp/></highlight><highlight class="keywordflow">else</highlight><highlight class="normal"><sp/></highlight><highlight class="keywordflow">if</highlight><highlight class="normal"><sp/>(led<sp/>==<sp/>LED_4)</highlight></codeline>
<codeline lineno="50"><highlight class="normal"><sp/><sp/>{</highlight></codeline>
<codeline lineno="51"><highlight class="normal"><sp/><sp/><sp/><sp/>digitalWrite<sp/>(LED_4_PIN,<sp/>val<sp/>&amp;<sp/>0x01);</highlight></codeline>
<codeline lineno="52"><highlight class="normal"><sp/><sp/>}</highlight></codeline>
<codeline lineno="53"><highlight class="normal"><sp/><sp/></highlight><highlight class="keywordflow">else</highlight><highlight class="normal"><sp/></highlight><highlight class="keywordflow">if</highlight><highlight class="normal"><sp/>(led<sp/>==<sp/>LED_5)</highlight></codeline>
<codeline lineno="54"><highlight class="normal"><sp/><sp/>{</highlight></codeline>
<codeline lineno="55"><highlight class="normal"><sp/><sp/><sp/><sp/>digitalWrite<sp/>(LED_5_PIN,<sp/>val<sp/>&amp;<sp/>0x01);</highlight></codeline>
<codeline lineno="56"><highlight class="normal"><sp/><sp/>}</highlight></codeline>
<codeline lineno="57"><highlight class="normal"><sp/><sp/></highlight><highlight class="keywordflow">else</highlight><highlight class="normal"><sp/></highlight><highlight class="keywordflow">if</highlight><highlight class="normal"><sp/>(led<sp/>==<sp/>LED_6)</highlight></codeline>
<codeline lineno="58"><highlight class="normal"><sp/><sp/>{</highlight></codeline>
<codeline lineno="59"><highlight class="normal"><sp/><sp/><sp/><sp/>digitalWrite<sp/>(LED_6_PIN,<sp/>val<sp/>&amp;<sp/>0x01);</highlight></codeline>
<codeline lineno="60"><highlight class="normal"><sp/><sp/>}</highlight></codeline>
<codeline lineno="61"><highlight class="normal"><sp/><sp/></highlight><highlight class="keywordflow">else</highlight><highlight class="normal"><sp/></highlight><highlight class="keywordflow">if</highlight><highlight class="normal"><sp/>(led<sp/>==<sp/>LED_7)</highlight></codeline>
<codeline lineno="62"><highlight class="normal"><sp/><sp/>{</highlight></codeline>
<codeline lineno="63"><highlight class="normal"><sp/><sp/><sp/><sp/>digitalWrite<sp/>(LED_7_PIN,<sp/>val<sp/>&amp;<sp/>0x01);</highlight></codeline>
<codeline lineno="64"><highlight class="normal"><sp/><sp/>}</highlight></codeline>
<codeline lineno="65"><highlight class="normal"><sp/><sp/></highlight><highlight class="keywordflow">else</highlight><highlight class="normal"><sp/></highlight><highlight class="keywordflow">if</highlight><highlight class="normal"><sp/>(led<sp/>==<sp/>LED_8)</highlight></codeline>
<codeline lineno="66"><highlight class="normal"><sp/><sp/>{</highlight></codeline>
<codeline lineno="67"><highlight class="normal"><sp/><sp/><sp/><sp/>digitalWrite<sp/>(LED_8_PIN,<sp/>val<sp/>&amp;<sp/>0x01);</highlight></codeline>
<codeline lineno="68"><highlight class="normal"><sp/><sp/>}</highlight></codeline>
<codeline lineno="69"><highlight class="normal">}</highlight></codeline>
<codeline lineno="70"><highlight class="normal"></highlight></codeline>
    </programlisting>
    <location file="C:/Users/Dhananjay/Documents/Arduino/ESP32FTP_FILE_TRANSFER/led.cpp"/>
  </compounddef>
</doxygen>
