<?xml version='1.0' encoding='UTF-8' standalone='no'?>
<doxygen xmlns:xsi="http://www.w3.org/2001/XMLSchema-instance" xsi:noNamespaceSchemaLocation="compound.xsd" version="1.8.15">
  <compounddef id="led_8h" kind="file" language="C++">
    <compoundname>led.h</compoundname>
    <includes local="no">Arduino.h</includes>
    <includedby refid="led_8cpp" local="yes">C:/Users/Dhananjay/Documents/Arduino/ESP32FTP_FILE_TRANSFER/led.cpp</includedby>
    <incdepgraph>
      <node id="26">
        <label>Arduino.h</label>
      </node>
      <node id="25">
        <label>C:/Users/Dhananjay/Documents/Arduino/ESP32FTP_FILE_TRANSFER/led.h</label>
        <link refid="led_8h"/>
        <childnode refid="26" relation="include">
        </childnode>
      </node>
    </incdepgraph>
    <invincdepgraph>
      <node id="28">
        <label>C:/Users/Dhananjay/Documents/Arduino/ESP32FTP_FILE_TRANSFER/led.cpp</label>
        <link refid="led_8cpp"/>
      </node>
      <node id="27">
        <label>C:/Users/Dhananjay/Documents/Arduino/ESP32FTP_FILE_TRANSFER/led.h</label>
        <link refid="led_8h"/>
        <childnode refid="28" relation="include">
        </childnode>
      </node>
    </invincdepgraph>
      <sectiondef kind="define">
      <memberdef kind="define" id="led_8h_1a620741f492787e04779bab21e6658113" prot="public" static="no">
        <name>LED_1_PIN</name>
        <initializer>13</initializer>
        <briefdescription>
        </briefdescription>
        <detaileddescription>
        </detaileddescription>
        <inbodydescription>
        </inbodydescription>
        <location file="C:/Users/Dhananjay/Documents/Arduino/ESP32FTP_FILE_TRANSFER/led.h" line="14" column="9" bodyfile="C:/Users/Dhananjay/Documents/Arduino/ESP32FTP_FILE_TRANSFER/led.h" bodystart="14" bodyend="-1"/>
      </memberdef>
      <memberdef kind="define" id="led_8h_1a78579f743b58c20ec8d10120d8381148" prot="public" static="no">
        <name>LED_2_PIN</name>
        <initializer>12</initializer>
        <briefdescription>
        </briefdescription>
        <detaileddescription>
        </detaileddescription>
        <inbodydescription>
        </inbodydescription>
        <location file="C:/Users/Dhananjay/Documents/Arduino/ESP32FTP_FILE_TRANSFER/led.h" line="15" column="9" bodyfile="C:/Users/Dhananjay/Documents/Arduino/ESP32FTP_FILE_TRANSFER/led.h" bodystart="15" bodyend="-1"/>
      </memberdef>
      <memberdef kind="define" id="led_8h_1a5ea98da36d05b171b54c342bcf4a35f7" prot="public" static="no">
        <name>LED_3_PIN</name>
        <initializer>14</initializer>
        <briefdescription>
        </briefdescription>
        <detaileddescription>
        </detaileddescription>
        <inbodydescription>
        </inbodydescription>
        <location file="C:/Users/Dhananjay/Documents/Arduino/ESP32FTP_FILE_TRANSFER/led.h" line="16" column="9" bodyfile="C:/Users/Dhananjay/Documents/Arduino/ESP32FTP_FILE_TRANSFER/led.h" bodystart="16" bodyend="-1"/>
      </memberdef>
      <memberdef kind="define" id="led_8h_1a85f36fccd0bafe6be62608812b56e2ca" prot="public" static="no">
        <name>LED_4_PIN</name>
        <initializer>27</initializer>
        <briefdescription>
        </briefdescription>
        <detaileddescription>
        </detaileddescription>
        <inbodydescription>
        </inbodydescription>
        <location file="C:/Users/Dhananjay/Documents/Arduino/ESP32FTP_FILE_TRANSFER/led.h" line="17" column="9" bodyfile="C:/Users/Dhananjay/Documents/Arduino/ESP32FTP_FILE_TRANSFER/led.h" bodystart="17" bodyend="-1"/>
      </memberdef>
      <memberdef kind="define" id="led_8h_1a6e4386a4032581f788d9d2577b0c9aaa" prot="public" static="no">
        <name>LED_5_PIN</name>
        <initializer>26</initializer>
        <briefdescription>
        </briefdescription>
        <detaileddescription>
        </detaileddescription>
        <inbodydescription>
        </inbodydescription>
        <location file="C:/Users/Dhananjay/Documents/Arduino/ESP32FTP_FILE_TRANSFER/led.h" line="18" column="9" bodyfile="C:/Users/Dhananjay/Documents/Arduino/ESP32FTP_FILE_TRANSFER/led.h" bodystart="18" bodyend="-1"/>
      </memberdef>
      <memberdef kind="define" id="led_8h_1af83172cd2f4f923f875c77d708cb268a" prot="public" static="no">
        <name>LED_6_PIN</name>
        <initializer>25</initializer>
        <briefdescription>
        </briefdescription>
        <detaileddescription>
        </detaileddescription>
        <inbodydescription>
        </inbodydescription>
        <location file="C:/Users/Dhananjay/Documents/Arduino/ESP32FTP_FILE_TRANSFER/led.h" line="19" column="9" bodyfile="C:/Users/Dhananjay/Documents/Arduino/ESP32FTP_FILE_TRANSFER/led.h" bodystart="19" bodyend="-1"/>
      </memberdef>
      <memberdef kind="define" id="led_8h_1a04377b4580ff1d79a0dad809e0f2f343" prot="public" static="no">
        <name>LED_7_PIN</name>
        <initializer>21</initializer>
        <briefdescription>
        </briefdescription>
        <detaileddescription>
        </detaileddescription>
        <inbodydescription>
        </inbodydescription>
        <location file="C:/Users/Dhananjay/Documents/Arduino/ESP32FTP_FILE_TRANSFER/led.h" line="20" column="9" bodyfile="C:/Users/Dhananjay/Documents/Arduino/ESP32FTP_FILE_TRANSFER/led.h" bodystart="20" bodyend="-1"/>
      </memberdef>
      <memberdef kind="define" id="led_8h_1a30ae26ce08b3a737492507f3e707b785" prot="public" static="no">
        <name>LED_8_PIN</name>
        <initializer>22</initializer>
        <briefdescription>
        </briefdescription>
        <detaileddescription>
        </detaileddescription>
        <inbodydescription>
        </inbodydescription>
        <location file="C:/Users/Dhananjay/Documents/Arduino/ESP32FTP_FILE_TRANSFER/led.h" line="21" column="9" bodyfile="C:/Users/Dhananjay/Documents/Arduino/ESP32FTP_FILE_TRANSFER/led.h" bodystart="21" bodyend="-1"/>
      </memberdef>
      </sectiondef>
      <sectiondef kind="enum">
      <memberdef kind="enum" id="led_8h_1a5710eeca5a405a22ab8fddbfd293e728" prot="public" static="no" strong="no">
        <type></type>
        <name>LED_NUM</name>
        <enumvalue id="led_8h_1a5710eeca5a405a22ab8fddbfd293e728a11a9adb9054de1fe01d6a6750075f57b" prot="public">
          <name>LED_1</name>
          <initializer>= 1</initializer>
          <briefdescription>
          </briefdescription>
          <detaileddescription>
          </detaileddescription>
        </enumvalue>
        <enumvalue id="led_8h_1a5710eeca5a405a22ab8fddbfd293e728a00af6b2437d9982f1f125d2cc2537c41" prot="public">
          <name>LED_2</name>
          <briefdescription>
          </briefdescription>
          <detaileddescription>
          </detaileddescription>
        </enumvalue>
        <enumvalue id="led_8h_1a5710eeca5a405a22ab8fddbfd293e728a3e1b1af0f74f675e4eb7bd18229adfd3" prot="public">
          <name>LED_3</name>
          <briefdescription>
          </briefdescription>
          <detaileddescription>
          </detaileddescription>
        </enumvalue>
        <enumvalue id="led_8h_1a5710eeca5a405a22ab8fddbfd293e728ada6e5fa936f81b6b94078ecc353a7f5f" prot="public">
          <name>LED_4</name>
          <briefdescription>
          </briefdescription>
          <detaileddescription>
          </detaileddescription>
        </enumvalue>
        <enumvalue id="led_8h_1a5710eeca5a405a22ab8fddbfd293e728ab269092e5bd05f7b80e5970b81458289" prot="public">
          <name>LED_5</name>
          <briefdescription>
          </briefdescription>
          <detaileddescription>
          </detaileddescription>
        </enumvalue>
        <enumvalue id="led_8h_1a5710eeca5a405a22ab8fddbfd293e728af99fc5674be734f3f51639902c341834" prot="public">
          <name>LED_6</name>
          <briefdescription>
          </briefdescription>
          <detaileddescription>
          </detaileddescription>
        </enumvalue>
        <enumvalue id="led_8h_1a5710eeca5a405a22ab8fddbfd293e728ac498d3ff2225ba31b7b42e17b1676ba8" prot="public">
          <name>LED_7</name>
          <briefdescription>
          </briefdescription>
          <detaileddescription>
          </detaileddescription>
        </enumvalue>
        <enumvalue id="led_8h_1a5710eeca5a405a22ab8fddbfd293e728a2979343296d3de46c77082147e0cfe1b" prot="public">
          <name>LED_8</name>
          <briefdescription>
          </briefdescription>
          <detaileddescription>
          </detaileddescription>
        </enumvalue>
        <briefdescription>
        </briefdescription>
        <detaileddescription>
<para>Enum for LED LED numbers </para>
        </detaileddescription>
        <inbodydescription>
        </inbodydescription>
        <location file="C:/Users/Dhananjay/Documents/Arduino/ESP32FTP_FILE_TRANSFER/led.h" line="25" column="1" bodyfile="C:/Users/Dhananjay/Documents/Arduino/ESP32FTP_FILE_TRANSFER/led.h" bodystart="24" bodyend="34"/>
      </memberdef>
      </sectiondef>
      <sectiondef kind="typedef">
      <memberdef kind="typedef" id="led_8h_1aa022c82b3d0599e48a060712a316549c" prot="public" static="no">
        <type>enum <ref refid="led_8h_1a5710eeca5a405a22ab8fddbfd293e728" kindref="member">LED_NUM</ref></type>
        <definition>typedef enum LED_NUM LED_NUM</definition>
        <argsstring></argsstring>
        <name>LED_NUM</name>
        <briefdescription>
        </briefdescription>
        <detaileddescription>
<para>Enum for LED LED numbers </para>
        </detaileddescription>
        <inbodydescription>
        </inbodydescription>
        <location file="C:/Users/Dhananjay/Documents/Arduino/ESP32FTP_FILE_TRANSFER/led.h" line="34" column="1"/>
      </memberdef>
      </sectiondef>
      <sectiondef kind="func">
      <memberdef kind="function" id="led_8h_1a586efe898f67cacd16a9870785d921eb" prot="public" static="no" const="no" explicit="no" inline="no" virt="non-virtual">
        <type>void</type>
        <definition>void initLED</definition>
        <argsstring>()</argsstring>
        <name>initLED</name>
        <briefdescription>
<para>This function initialize led gpio. </para>
        </briefdescription>
        <detaileddescription>
<para><simplesect kind="return"><para>void </para>
</simplesect>
</para>
        </detaileddescription>
        <inbodydescription>
        </inbodydescription>
        <location file="C:/Users/Dhananjay/Documents/Arduino/ESP32FTP_FILE_TRANSFER/led.h" line="36" column="1" bodyfile="C:/Users/Dhananjay/Documents/Arduino/ESP32FTP_FILE_TRANSFER/led.cpp" bodystart="15" bodyend="25"/>
      </memberdef>
      <memberdef kind="function" id="led_8h_1a22f1d9aa5cb451ea465a5d5381f653fe" prot="public" static="no" const="no" explicit="no" inline="no" virt="non-virtual">
        <type>void</type>
        <definition>void setLed</definition>
        <argsstring>(uint8_t led, uint8_t val)</argsstring>
        <name>setLed</name>
        <param>
          <type>uint8_t</type>
          <declname>led</declname>
        </param>
        <param>
          <type>uint8_t</type>
          <declname>val</declname>
        </param>
        <briefdescription>
<para>This function set value to the led. </para>
        </briefdescription>
        <detaileddescription>
<para><parameterlist kind="param"><parameteritem>
<parameternamelist>
<parametername>led</parametername>
</parameternamelist>
<parameterdescription>
<para>led number LED_1,LED_2,LED_3,LED_4,LED_5,LED_6,LED_7,LED_8 </para>
</parameterdescription>
</parameteritem>
<parameteritem>
<parameternamelist>
<parametername>val</parametername>
</parameternamelist>
<parameterdescription>
<para>value to be set 0 or 1</para>
</parameterdescription>
</parameteritem>
</parameterlist>
<simplesect kind="return"><para>updated crc </para>
</simplesect>
</para>
        </detaileddescription>
        <inbodydescription>
        </inbodydescription>
        <location file="C:/Users/Dhananjay/Documents/Arduino/ESP32FTP_FILE_TRANSFER/led.h" line="38" column="1" bodyfile="C:/Users/Dhananjay/Documents/Arduino/ESP32FTP_FILE_TRANSFER/led.cpp" bodystart="34" bodyend="69"/>
      </memberdef>
      </sectiondef>
    <briefdescription>
<para>Function prototypes for led. </para>
    </briefdescription>
    <detaileddescription>
<para>This contains the prototypes for the Led and eventually any macros, constants, or global variables you will need.</para>
<para><simplesect kind="author"><para>Dhananjay Khairnar </para>
</simplesect>
</para>
    </detaileddescription>
    <programlisting>
<codeline lineno="1"></codeline>
<codeline lineno="10"><highlight class="preprocessor">#ifndef<sp/>__LED_H</highlight><highlight class="normal"></highlight></codeline>
<codeline lineno="11"><highlight class="normal"></highlight><highlight class="preprocessor">#define<sp/>__LED_H</highlight><highlight class="normal"></highlight></codeline>
<codeline lineno="12"><highlight class="normal"></highlight><highlight class="preprocessor">#include<sp/>&lt;Arduino.h&gt;</highlight><highlight class="normal"></highlight></codeline>
<codeline lineno="13"><highlight class="normal"></highlight></codeline>
<codeline lineno="14"><highlight class="normal"></highlight><highlight class="preprocessor">#define<sp/>LED_1_PIN<sp/>13</highlight><highlight class="normal"></highlight></codeline>
<codeline lineno="15"><highlight class="normal"></highlight><highlight class="preprocessor">#define<sp/>LED_2_PIN<sp/>12</highlight><highlight class="normal"></highlight></codeline>
<codeline lineno="16"><highlight class="normal"></highlight><highlight class="preprocessor">#define<sp/>LED_3_PIN<sp/>14</highlight><highlight class="normal"></highlight></codeline>
<codeline lineno="17"><highlight class="normal"></highlight><highlight class="preprocessor">#define<sp/>LED_4_PIN<sp/>27</highlight><highlight class="normal"></highlight></codeline>
<codeline lineno="18"><highlight class="normal"></highlight><highlight class="preprocessor">#define<sp/>LED_5_PIN<sp/>26</highlight><highlight class="normal"></highlight></codeline>
<codeline lineno="19"><highlight class="normal"></highlight><highlight class="preprocessor">#define<sp/>LED_6_PIN<sp/>25</highlight><highlight class="normal"></highlight></codeline>
<codeline lineno="20"><highlight class="normal"></highlight><highlight class="preprocessor">#define<sp/>LED_7_PIN<sp/>21</highlight><highlight class="normal"></highlight></codeline>
<codeline lineno="21"><highlight class="normal"></highlight><highlight class="preprocessor">#define<sp/>LED_8_PIN<sp/>22</highlight><highlight class="normal"></highlight></codeline>
<codeline lineno="22"><highlight class="normal"></highlight></codeline>
<codeline lineno="24" refid="led_8h_1a5710eeca5a405a22ab8fddbfd293e728" refkind="member"><highlight class="keyword">typedef</highlight><highlight class="normal"><sp/></highlight><highlight class="keyword">enum</highlight><highlight class="normal"><sp/><ref refid="led_8h_1a5710eeca5a405a22ab8fddbfd293e728" kindref="member">LED_NUM</ref></highlight></codeline>
<codeline lineno="25"><highlight class="normal">{</highlight></codeline>
<codeline lineno="26"><highlight class="normal"><sp/><sp/>LED_1<sp/>=<sp/>1,</highlight></codeline>
<codeline lineno="27"><highlight class="normal"><sp/><sp/>LED_2,</highlight></codeline>
<codeline lineno="28"><highlight class="normal"><sp/><sp/>LED_3,</highlight></codeline>
<codeline lineno="29"><highlight class="normal"><sp/><sp/>LED_4,</highlight></codeline>
<codeline lineno="30"><highlight class="normal"><sp/><sp/>LED_5,</highlight></codeline>
<codeline lineno="31"><highlight class="normal"><sp/><sp/>LED_6,</highlight></codeline>
<codeline lineno="32"><highlight class="normal"><sp/><sp/>LED_7,</highlight></codeline>
<codeline lineno="33"><highlight class="normal"><sp/><sp/>LED_8</highlight></codeline>
<codeline lineno="34"><highlight class="normal">}<ref refid="led_8h_1a5710eeca5a405a22ab8fddbfd293e728" kindref="member">LED_NUM</ref>;</highlight></codeline>
<codeline lineno="35"><highlight class="normal"></highlight></codeline>
<codeline lineno="36"><highlight class="normal"></highlight><highlight class="keywordtype">void</highlight><highlight class="normal"><sp/><ref refid="led_8h_1a586efe898f67cacd16a9870785d921eb" kindref="member">initLED</ref>();</highlight></codeline>
<codeline lineno="37"><highlight class="normal"></highlight></codeline>
<codeline lineno="38"><highlight class="normal"></highlight><highlight class="keywordtype">void</highlight><highlight class="normal"><sp/><ref refid="led_8h_1a22f1d9aa5cb451ea465a5d5381f653fe" kindref="member">setLed</ref>(uint8_t<sp/>led,<sp/>uint8_t<sp/>val);</highlight></codeline>
<codeline lineno="39"><highlight class="normal"></highlight></codeline>
<codeline lineno="40"><highlight class="normal"></highlight></codeline>
<codeline lineno="41"><highlight class="normal"></highlight><highlight class="preprocessor">#endif</highlight></codeline>
    </programlisting>
    <location file="C:/Users/Dhananjay/Documents/Arduino/ESP32FTP_FILE_TRANSFER/led.h"/>
  </compounddef>
</doxygen>
