<?xml version='1.0' encoding='UTF-8' standalone='no'?>
<doxygen xmlns:xsi="http://www.w3.org/2001/XMLSchema-instance" xsi:noNamespaceSchemaLocation="compound.xsd" version="1.8.15">
  <compounddef id="simple__ftp__client_8cpp" kind="file" language="C++">
    <compoundname>simple_ftp_client.cpp</compoundname>
    <includes refid="simple__ftp__client_8h" local="yes">simple_ftp_client.h</includes>
    <includes refid="_s_d__card__helper_8h" local="yes">SD_card_helper.h</includes>
    <incdepgraph>
      <node id="54">
        <label>SD.h</label>
      </node>
      <node id="52">
        <label>SD_card_helper.h</label>
        <link refid="_s_d__card__helper_8h"/>
        <childnode refid="49" relation="include">
        </childnode>
        <childnode refid="53" relation="include">
        </childnode>
        <childnode refid="54" relation="include">
        </childnode>
        <childnode refid="55" relation="include">
        </childnode>
        <childnode refid="56" relation="include">
        </childnode>
      </node>
      <node id="53">
        <label>FS.h</label>
      </node>
      <node id="55">
        <label>SPI.h</label>
      </node>
      <node id="47">
        <label>C:/Users/Dhananjay/Documents/Arduino/ESP32FTP_FILE_TRANSFER/simple_ftp_client.cpp</label>
        <link refid="simple__ftp__client_8cpp"/>
        <childnode refid="48" relation="include">
        </childnode>
        <childnode refid="52" relation="include">
        </childnode>
      </node>
      <node id="48">
        <label>simple_ftp_client.h</label>
        <link refid="simple__ftp__client_8h"/>
        <childnode refid="49" relation="include">
        </childnode>
        <childnode refid="50" relation="include">
        </childnode>
        <childnode refid="51" relation="include">
        </childnode>
      </node>
      <node id="51">
        <label>lwip/sockets.h</label>
      </node>
      <node id="49">
        <label>Arduino.h</label>
      </node>
      <node id="56">
        <label>EEPROM.h</label>
      </node>
      <node id="50">
        <label>WiFi.h</label>
      </node>
    </incdepgraph>
      <sectiondef kind="var">
      <memberdef kind="variable" id="simple__ftp__client_8cpp_1a323dfc205549b3c13f0a25c1b670708a" prot="public" static="no" mutable="no">
        <type>WiFiClient</type>
        <definition>WiFiClient client</definition>
        <argsstring></argsstring>
        <name>client</name>
        <briefdescription>
        </briefdescription>
        <detaileddescription>
        </detaileddescription>
        <inbodydescription>
        </inbodydescription>
        <location file="C:/Users/Dhananjay/Documents/Arduino/ESP32FTP_FILE_TRANSFER/simple_ftp_client.cpp" line="12" column="1" bodyfile="C:/Users/Dhananjay/Documents/Arduino/ESP32FTP_FILE_TRANSFER/simple_ftp_client.cpp" bodystart="12" bodyend="-1"/>
      </memberdef>
      <memberdef kind="variable" id="simple__ftp__client_8cpp_1a52c0df03bea4f63d38b3b3a2971425ad" prot="public" static="no" mutable="no">
        <type>WiFiClient</type>
        <definition>WiFiClient dataclient</definition>
        <argsstring></argsstring>
        <name>dataclient</name>
        <briefdescription>
        </briefdescription>
        <detaileddescription>
        </detaileddescription>
        <inbodydescription>
        </inbodydescription>
        <location file="C:/Users/Dhananjay/Documents/Arduino/ESP32FTP_FILE_TRANSFER/simple_ftp_client.cpp" line="13" column="1" bodyfile="C:/Users/Dhananjay/Documents/Arduino/ESP32FTP_FILE_TRANSFER/simple_ftp_client.cpp" bodystart="13" bodyend="-1"/>
      </memberdef>
      <memberdef kind="variable" id="simple__ftp__client_8cpp_1a5521dde139dea78c6e99c708338f95f6" prot="public" static="no" mutable="no">
        <type>WiFiClient</type>
        <definition>WiFiClient ftpClient</definition>
        <argsstring></argsstring>
        <name>ftpClient</name>
        <briefdescription>
        </briefdescription>
        <detaileddescription>
        </detaileddescription>
        <inbodydescription>
        </inbodydescription>
        <location file="C:/Users/Dhananjay/Documents/Arduino/ESP32FTP_FILE_TRANSFER/simple_ftp_client.cpp" line="14" column="1" bodyfile="C:/Users/Dhananjay/Documents/Arduino/ESP32FTP_FILE_TRANSFER/simple_ftp_client.cpp" bodystart="14" bodyend="-1"/>
      </memberdef>
      <memberdef kind="variable" id="simple__ftp__client_8cpp_1aa9a920a2cf8255b59fa1b6efaa431d43" prot="public" static="no" mutable="no">
        <type>String</type>
        <definition>String recvBuf</definition>
        <argsstring></argsstring>
        <name>recvBuf</name>
        <briefdescription>
        </briefdescription>
        <detaileddescription>
        </detaileddescription>
        <inbodydescription>
        </inbodydescription>
        <location file="C:/Users/Dhananjay/Documents/Arduino/ESP32FTP_FILE_TRANSFER/simple_ftp_client.cpp" line="16" column="1" bodyfile="C:/Users/Dhananjay/Documents/Arduino/ESP32FTP_FILE_TRANSFER/simple_ftp_client.cpp" bodystart="16" bodyend="-1"/>
      </memberdef>
      <memberdef kind="variable" id="simple__ftp__client_8cpp_1acf2e417b4ca9947cecc84d108692fa69" prot="public" static="no" mutable="no">
        <type>char</type>
        <definition>char ftpRespDataBuf[100]</definition>
        <argsstring>[100]</argsstring>
        <name>ftpRespDataBuf</name>
        <initializer>= {0}</initializer>
        <briefdescription>
        </briefdescription>
        <detaileddescription>
        </detaileddescription>
        <inbodydescription>
        </inbodydescription>
        <location file="C:/Users/Dhananjay/Documents/Arduino/ESP32FTP_FILE_TRANSFER/simple_ftp_client.cpp" line="17" column="1" bodyfile="C:/Users/Dhananjay/Documents/Arduino/ESP32FTP_FILE_TRANSFER/simple_ftp_client.cpp" bodystart="17" bodyend="-1"/>
      </memberdef>
      </sectiondef>
      <sectiondef kind="func">
      <memberdef kind="function" id="simple__ftp__client_8cpp_1a6af65732e5b7c485775c7c49a1532fa8" prot="public" static="no" const="no" explicit="no" inline="no" virt="non-virtual">
        <type>void</type>
        <definition>void ftpflush</definition>
        <argsstring>()</argsstring>
        <name>ftpflush</name>
        <briefdescription>
<para>flush receive buffer </para>
        </briefdescription>
        <detaileddescription>
<para><simplesect kind="return"><para>void </para>
</simplesect>
</para>
        </detaileddescription>
        <inbodydescription>
        </inbodydescription>
        <location file="C:/Users/Dhananjay/Documents/Arduino/ESP32FTP_FILE_TRANSFER/simple_ftp_client.cpp" line="23" column="1" bodyfile="C:/Users/Dhananjay/Documents/Arduino/ESP32FTP_FILE_TRANSFER/simple_ftp_client.cpp" bodystart="23" bodyend="29"/>
        <referencedby refid="simple__ftp__client_8h_1ab1da047c9727104381983f9a23399792" compoundref="simple__ftp__client_8cpp" startline="112" endline="126">loginFTPServer</referencedby>
      </memberdef>
      <memberdef kind="function" id="simple__ftp__client_8cpp_1a5192a8a563617aa2a3acb192ae6d7115" prot="public" static="no" const="no" explicit="no" inline="no" virt="non-virtual">
        <type>bool</type>
        <definition>bool connectToFTPServer</definition>
        <argsstring>()</argsstring>
        <name>connectToFTPServer</name>
        <briefdescription>
<para>establis connection to ftp server </para>
        </briefdescription>
        <detaileddescription>
<para><simplesect kind="return"><para>true if success / false if failed </para>
</simplesect>
</para>
        </detaileddescription>
        <inbodydescription>
        </inbodydescription>
        <location file="C:/Users/Dhananjay/Documents/Arduino/ESP32FTP_FILE_TRANSFER/simple_ftp_client.cpp" line="35" column="1" bodyfile="C:/Users/Dhananjay/Documents/Arduino/ESP32FTP_FILE_TRANSFER/simple_ftp_client.cpp" bodystart="35" bodyend="43"/>
      </memberdef>
      <memberdef kind="function" id="simple__ftp__client_8cpp_1a31d00d333d4f26f7b8925f99df4331be" prot="public" static="no" const="no" explicit="no" inline="no" virt="non-virtual">
        <type>void</type>
        <definition>void readFTPResponse</definition>
        <argsstring>()</argsstring>
        <name>readFTPResponse</name>
        <briefdescription>
<para>This function read responce comming from ftp server. </para>
        </briefdescription>
        <detaileddescription>
<para>read responses from ftp server and stores it in buffre <emphasis>recvBuf</emphasis> </para>
<para><simplesect kind="return"><para>void </para>
</simplesect>
</para>
        </detaileddescription>
        <inbodydescription>
        </inbodydescription>
        <location file="C:/Users/Dhananjay/Documents/Arduino/ESP32FTP_FILE_TRANSFER/simple_ftp_client.cpp" line="51" column="1" bodyfile="C:/Users/Dhananjay/Documents/Arduino/ESP32FTP_FILE_TRANSFER/simple_ftp_client.cpp" bodystart="51" bodyend="66"/>
      </memberdef>
      <memberdef kind="function" id="simple__ftp__client_8cpp_1a3467a2360ec6e25ec7e2655dc12d3bbd" prot="public" static="no" const="no" explicit="no" inline="no" virt="non-virtual">
        <type>uint8_t</type>
        <definition>uint8_t sendFTPCommand</definition>
        <argsstring>(String cmd)</argsstring>
        <name>sendFTPCommand</name>
        <param>
          <type>String</type>
          <declname>cmd</declname>
        </param>
        <briefdescription>
<para>This function sends command to ftp server. </para>
        </briefdescription>
        <detaileddescription>
<para>sends command to ftp server and get responce from ftp server, then it parse that respoce to get responce code.</para>
<para><parameterlist kind="param"><parameteritem>
<parameternamelist>
<parametername>cmd</parametername>
</parameternamelist>
<parameterdescription>
<para>ftp command</para>
</parameterdescription>
</parameteritem>
</parameterlist>
<simplesect kind="return"><para>ftp responce code </para>
</simplesect>
</para>
        </detaileddescription>
        <inbodydescription>
        </inbodydescription>
        <location file="C:/Users/Dhananjay/Documents/Arduino/ESP32FTP_FILE_TRANSFER/simple_ftp_client.cpp" line="77" column="1" bodyfile="C:/Users/Dhananjay/Documents/Arduino/ESP32FTP_FILE_TRANSFER/simple_ftp_client.cpp" bodystart="77" bodyend="101"/>
        <referencedby refid="simple__ftp__client_8h_1ae57fda49e235dfe4a092e2f55bb72bc2" compoundref="simple__ftp__client_8cpp" startline="161" endline="169">initFileDownloadSequence</referencedby>
        <referencedby refid="simple__ftp__client_8h_1ab1da047c9727104381983f9a23399792" compoundref="simple__ftp__client_8cpp" startline="112" endline="126">loginFTPServer</referencedby>
      </memberdef>
      <memberdef kind="function" id="simple__ftp__client_8cpp_1ab1da047c9727104381983f9a23399792" prot="public" static="no" const="no" explicit="no" inline="no" virt="non-virtual">
        <type>bool</type>
        <definition>bool loginFTPServer</definition>
        <argsstring>(String username, String password)</argsstring>
        <name>loginFTPServer</name>
        <param>
          <type>String</type>
          <declname>username</declname>
        </param>
        <param>
          <type>String</type>
          <declname>password</declname>
        </param>
        <briefdescription>
<para>This function sends login sequence to ftp serce. </para>
        </briefdescription>
        <detaileddescription>
<para>sends login sequeto ftp server and return status of login</para>
<para><parameterlist kind="param"><parameteritem>
<parameternamelist>
<parametername>username</parametername>
</parameternamelist>
<parameterdescription>
<para>username for login </para>
</parameterdescription>
</parameteritem>
<parameteritem>
<parameternamelist>
<parametername>password</parametername>
</parameternamelist>
<parameterdescription>
<para>password for login</para>
</parameterdescription>
</parameteritem>
</parameterlist>
<simplesect kind="return"><para>if login success then true / if login fails then false </para>
</simplesect>
</para>
        </detaileddescription>
        <inbodydescription>
        </inbodydescription>
        <location file="C:/Users/Dhananjay/Documents/Arduino/ESP32FTP_FILE_TRANSFER/simple_ftp_client.cpp" line="112" column="1" bodyfile="C:/Users/Dhananjay/Documents/Arduino/ESP32FTP_FILE_TRANSFER/simple_ftp_client.cpp" bodystart="112" bodyend="126"/>
        <references refid="simple__ftp__client_8cpp_1a6af65732e5b7c485775c7c49a1532fa8" compoundref="simple__ftp__client_8cpp" startline="23" endline="29">ftpflush</references>
        <references refid="simple__ftp__client_8cpp_1a3467a2360ec6e25ec7e2655dc12d3bbd" compoundref="simple__ftp__client_8cpp" startline="77" endline="101">sendFTPCommand</references>
      </memberdef>
      <memberdef kind="function" id="simple__ftp__client_8cpp_1a65a5e35dc8809616c3712b8fc09d4c65" prot="public" static="no" const="no" explicit="no" inline="no" virt="non-virtual">
        <type>bool</type>
        <definition>bool parseFTPDataPort</definition>
        <argsstring>()</argsstring>
        <name>parseFTPDataPort</name>
        <briefdescription>
<para>This function parse data port send by ftp server. </para>
        </briefdescription>
        <detaileddescription>
<para>parse data port used for transfer data from ftp server and stores it in <emphasis>DataPort</emphasis> </para>
<para><simplesect kind="return"><para>if parse success then true / if parse fails then false </para>
</simplesect>
</para>
        </detaileddescription>
        <inbodydescription>
        </inbodydescription>
        <location file="C:/Users/Dhananjay/Documents/Arduino/ESP32FTP_FILE_TRANSFER/simple_ftp_client.cpp" line="134" column="1" bodyfile="C:/Users/Dhananjay/Documents/Arduino/ESP32FTP_FILE_TRANSFER/simple_ftp_client.cpp" bodystart="134" bodyend="155"/>
        <references refid="simple__ftp__client_8h_1a01af47afac12d1167720ebd27e9445a6">DataPort</references>
        <referencedby refid="simple__ftp__client_8h_1ae57fda49e235dfe4a092e2f55bb72bc2" compoundref="simple__ftp__client_8cpp" startline="161" endline="169">initFileDownloadSequence</referencedby>
      </memberdef>
      <memberdef kind="function" id="simple__ftp__client_8cpp_1ae57fda49e235dfe4a092e2f55bb72bc2" prot="public" static="no" const="no" explicit="no" inline="no" virt="non-virtual">
        <type>bool</type>
        <definition>bool initFileDownloadSequence</definition>
        <argsstring>()</argsstring>
        <name>initFileDownloadSequence</name>
        <briefdescription>
<para>This function initialize file download sequence. </para>
        </briefdescription>
        <detaileddescription>
<para><simplesect kind="return"><para>if success then true / if fails then false </para>
</simplesect>
</para>
        </detaileddescription>
        <inbodydescription>
        </inbodydescription>
        <location file="C:/Users/Dhananjay/Documents/Arduino/ESP32FTP_FILE_TRANSFER/simple_ftp_client.cpp" line="161" column="1" bodyfile="C:/Users/Dhananjay/Documents/Arduino/ESP32FTP_FILE_TRANSFER/simple_ftp_client.cpp" bodystart="161" bodyend="169"/>
        <references refid="simple__ftp__client_8cpp_1a65a5e35dc8809616c3712b8fc09d4c65" compoundref="simple__ftp__client_8cpp" startline="134" endline="155">parseFTPDataPort</references>
        <references refid="simple__ftp__client_8cpp_1a3467a2360ec6e25ec7e2655dc12d3bbd" compoundref="simple__ftp__client_8cpp" startline="77" endline="101">sendFTPCommand</references>
        <referencedby refid="simple__ftp__client_8h_1a640d7b20175be6e56583013070de4b32" compoundref="simple__ftp__client_8cpp" startline="180" endline="245">downloadFileFromFTP</referencedby>
      </memberdef>
      <memberdef kind="function" id="simple__ftp__client_8cpp_1a640d7b20175be6e56583013070de4b32" prot="public" static="no" const="no" explicit="no" inline="no" virt="non-virtual">
        <type>bool</type>
        <definition>bool downloadFileFromFTP</definition>
        <argsstring>(String path)</argsstring>
        <name>downloadFileFromFTP</name>
        <param>
          <type>String</type>
          <declname>path</declname>
        </param>
        <briefdescription>
<para>This function download file from ftp server(Using socket api) </para>
        </briefdescription>
        <detaileddescription>
<para>function download file from ftp server. before calling this function you have to connect to ftp saerver then login using <ref refid="simple__ftp__client_8cpp_1a5192a8a563617aa2a3acb192ae6d7115" kindref="member">connectToFTPServer()</ref> and <ref refid="simple__ftp__client_8cpp_1ab1da047c9727104381983f9a23399792" kindref="member">loginFTPServer()</ref> functions</para>
<para><parameterlist kind="param"><parameteritem>
<parameternamelist>
<parametername>path</parametername>
</parameternamelist>
<parameterdescription>
<para>path of file on ftp folder</para>
</parameterdescription>
</parameteritem>
</parameterlist>
<simplesect kind="return"><para>true if success / false if fails </para>
</simplesect>
</para>
        </detaileddescription>
        <inbodydescription>
        </inbodydescription>
        <location file="C:/Users/Dhananjay/Documents/Arduino/ESP32FTP_FILE_TRANSFER/simple_ftp_client.cpp" line="180" column="1" bodyfile="C:/Users/Dhananjay/Documents/Arduino/ESP32FTP_FILE_TRANSFER/simple_ftp_client.cpp" bodystart="180" bodyend="245"/>
        <references refid="simple__ftp__client_8h_1a01af47afac12d1167720ebd27e9445a6">DataPort</references>
        <references refid="simple__ftp__client_8h_1a1c2046dcb30a629d6d9f45ff8f403f12">host</references>
        <references refid="simple__ftp__client_8cpp_1ae57fda49e235dfe4a092e2f55bb72bc2" compoundref="simple__ftp__client_8cpp" startline="161" endline="169">initFileDownloadSequence</references>
      </memberdef>
      <memberdef kind="function" id="simple__ftp__client_8cpp_1a983c9cc145054b9d504bec8548b99356" prot="public" static="no" const="no" explicit="no" inline="no" virt="non-virtual">
        <type>bool</type>
        <definition>bool getFile</definition>
        <argsstring>(String path)</argsstring>
        <name>getFile</name>
        <param>
          <type>String</type>
          <declname>path</declname>
        </param>
        <briefdescription>
<para>This function download file from ftp server (Using wifi client api) </para>
        </briefdescription>
        <detaileddescription>
<para>function download file from ftp server. before calling this function you have to connect to ftp saerver then login using <ref refid="simple__ftp__client_8cpp_1a5192a8a563617aa2a3acb192ae6d7115" kindref="member">connectToFTPServer()</ref> and <ref refid="simple__ftp__client_8cpp_1ab1da047c9727104381983f9a23399792" kindref="member">loginFTPServer()</ref> functions</para>
<para><parameterlist kind="param"><parameteritem>
<parameternamelist>
<parametername>path</parametername>
</parameternamelist>
<parameterdescription>
<para>path of file on ftp folder</para>
</parameterdescription>
</parameteritem>
</parameterlist>
<simplesect kind="return"><para>true if success / false if fails </para>
</simplesect>
</para>
        </detaileddescription>
        <inbodydescription>
        </inbodydescription>
        <location file="C:/Users/Dhananjay/Documents/Arduino/ESP32FTP_FILE_TRANSFER/simple_ftp_client.cpp" line="256" column="1" bodyfile="C:/Users/Dhananjay/Documents/Arduino/ESP32FTP_FILE_TRANSFER/simple_ftp_client.cpp" bodystart="256" bodyend="298"/>
      </memberdef>
      </sectiondef>
    <briefdescription>
<para>Function implimentation for ftp client library. </para>
    </briefdescription>
    <detaileddescription>
<para>This contains the implimentation for the ftp client library functionalities.</para>
<para><simplesect kind="author"><para>Dhananjay Khairnar </para>
</simplesect>
</para>
    </detaileddescription>
    <programlisting>
<codeline lineno="1"></codeline>
<codeline lineno="9"><highlight class="preprocessor">#include<sp/>&quot;<ref refid="simple__ftp__client_8h" kindref="compound">simple_ftp_client.h</ref>&quot;</highlight><highlight class="normal"></highlight></codeline>
<codeline lineno="10"><highlight class="normal"></highlight><highlight class="preprocessor">#include<sp/>&quot;<ref refid="_s_d__card__helper_8h" kindref="compound">SD_card_helper.h</ref>&quot;</highlight><highlight class="normal"></highlight></codeline>
<codeline lineno="11"><highlight class="normal"></highlight></codeline>
<codeline lineno="12"><highlight class="normal">WiFiClient<sp/>client;</highlight></codeline>
<codeline lineno="13"><highlight class="normal">WiFiClient<sp/>dataclient;</highlight></codeline>
<codeline lineno="14"><highlight class="normal">WiFiClient<sp/>ftpClient;</highlight></codeline>
<codeline lineno="15"><highlight class="normal"></highlight></codeline>
<codeline lineno="16"><highlight class="normal">String<sp/>recvBuf;</highlight></codeline>
<codeline lineno="17"><highlight class="normal"></highlight><highlight class="keywordtype">char</highlight><highlight class="normal"><sp/>ftpRespDataBuf[100]<sp/>=<sp/>{0};</highlight></codeline>
<codeline lineno="18"><highlight class="normal"></highlight></codeline>
<codeline lineno="23" refid="simple__ftp__client_8cpp_1a6af65732e5b7c485775c7c49a1532fa8" refkind="member"><highlight class="keywordtype">void</highlight><highlight class="normal"><sp/><ref refid="simple__ftp__client_8cpp_1a6af65732e5b7c485775c7c49a1532fa8" kindref="member">ftpflush</ref>()</highlight></codeline>
<codeline lineno="24"><highlight class="normal">{</highlight></codeline>
<codeline lineno="25"><highlight class="normal"><sp/><sp/></highlight><highlight class="keywordflow">while</highlight><highlight class="normal"><sp/>(ftpClient.available())</highlight></codeline>
<codeline lineno="26"><highlight class="normal"><sp/><sp/>{</highlight></codeline>
<codeline lineno="27"><highlight class="normal"><sp/><sp/><sp/><sp/></highlight><highlight class="keywordtype">char</highlight><highlight class="normal"><sp/>ch<sp/>=<sp/>ftpClient.read();</highlight></codeline>
<codeline lineno="28"><highlight class="normal"><sp/><sp/>}</highlight></codeline>
<codeline lineno="29"><highlight class="normal">}</highlight></codeline>
<codeline lineno="30"><highlight class="normal"></highlight></codeline>
<codeline lineno="35" refid="simple__ftp__client_8h_1a5192a8a563617aa2a3acb192ae6d7115" refkind="member"><highlight class="keywordtype">bool</highlight><highlight class="normal"><sp/><ref refid="simple__ftp__client_8cpp_1a5192a8a563617aa2a3acb192ae6d7115" kindref="member">connectToFTPServer</ref>()</highlight></codeline>
<codeline lineno="36"><highlight class="normal">{</highlight></codeline>
<codeline lineno="37"><highlight class="normal"><sp/><sp/></highlight><highlight class="keywordflow">if</highlight><highlight class="normal"><sp/>(!ftpClient.connect(<ref refid="simple__ftp__client_8h_1a1c2046dcb30a629d6d9f45ff8f403f12" kindref="member">host</ref>,<sp/><ref refid="simple__ftp__client_8h_1ad557241f04cb5be02a382bfc05dde5c4" kindref="member">ftpPort</ref>))<sp/>{</highlight></codeline>
<codeline lineno="38"><highlight class="normal"><sp/><sp/><sp/><sp/>FTPLogLn(</highlight><highlight class="stringliteral">&quot;FTP<sp/>Server<sp/>connection<sp/>failed&quot;</highlight><highlight class="normal">);</highlight></codeline>
<codeline lineno="39"><highlight class="normal"><sp/><sp/><sp/><sp/></highlight><highlight class="keywordflow">return</highlight><highlight class="normal"><sp/></highlight><highlight class="keyword">false</highlight><highlight class="normal">;</highlight></codeline>
<codeline lineno="40"><highlight class="normal"><sp/><sp/>}</highlight></codeline>
<codeline lineno="41"><highlight class="normal"><sp/><sp/><ref refid="simple__ftp__client_8cpp_1a31d00d333d4f26f7b8925f99df4331be" kindref="member">readFTPResponse</ref>();</highlight></codeline>
<codeline lineno="42"><highlight class="normal"><sp/><sp/></highlight><highlight class="keywordflow">return</highlight><highlight class="normal"><sp/></highlight><highlight class="keyword">true</highlight><highlight class="normal">;</highlight></codeline>
<codeline lineno="43"><highlight class="normal">}</highlight></codeline>
<codeline lineno="44"><highlight class="normal"></highlight></codeline>
<codeline lineno="51" refid="simple__ftp__client_8h_1a31d00d333d4f26f7b8925f99df4331be" refkind="member"><highlight class="keywordtype">void</highlight><highlight class="normal"><sp/><ref refid="simple__ftp__client_8cpp_1a31d00d333d4f26f7b8925f99df4331be" kindref="member">readFTPResponse</ref>()</highlight></codeline>
<codeline lineno="52"><highlight class="normal">{</highlight></codeline>
<codeline lineno="53"><highlight class="normal"><sp/><sp/>recvBuf<sp/>=<sp/></highlight><highlight class="stringliteral">&quot;&quot;</highlight><highlight class="normal">;</highlight></codeline>
<codeline lineno="54"><highlight class="normal"><sp/><sp/>String<sp/>temp;</highlight></codeline>
<codeline lineno="55"><highlight class="normal"><sp/><sp/></highlight><highlight class="keywordtype">char</highlight><highlight class="normal"><sp/>ch;</highlight></codeline>
<codeline lineno="56"><highlight class="normal"><sp/><sp/></highlight><highlight class="keywordflow">for</highlight><highlight class="normal"><sp/>(</highlight><highlight class="keywordtype">int</highlight><highlight class="normal"><sp/>i<sp/>=<sp/>0<sp/>;<sp/>i<sp/>&lt;<sp/>3<sp/>;<sp/>i++)</highlight></codeline>
<codeline lineno="57"><highlight class="normal"><sp/><sp/>{</highlight></codeline>
<codeline lineno="58"><highlight class="normal"><sp/><sp/><sp/><sp/></highlight><highlight class="keywordflow">while</highlight><highlight class="normal"><sp/>(ftpClient.available())</highlight></codeline>
<codeline lineno="59"><highlight class="normal"><sp/><sp/><sp/><sp/>{</highlight></codeline>
<codeline lineno="60"><highlight class="normal"><sp/><sp/><sp/><sp/><sp/><sp/>ch<sp/>=<sp/>ftpClient.read();</highlight></codeline>
<codeline lineno="61"><highlight class="normal"><sp/><sp/><sp/><sp/><sp/><sp/>recvBuf<sp/>+=<sp/>ch;</highlight></codeline>
<codeline lineno="62"><highlight class="normal"><sp/><sp/><sp/><sp/>}</highlight></codeline>
<codeline lineno="63"><highlight class="normal"><sp/><sp/>}</highlight></codeline>
<codeline lineno="64"><highlight class="normal"><sp/><sp/>FTPLog(</highlight><highlight class="stringliteral">&quot;&gt;<sp/>&quot;</highlight><highlight class="normal">);</highlight></codeline>
<codeline lineno="65"><highlight class="normal"><sp/><sp/>FTPLog(recvBuf);</highlight></codeline>
<codeline lineno="66"><highlight class="normal">}</highlight></codeline>
<codeline lineno="67"><highlight class="normal"></highlight></codeline>
<codeline lineno="77" refid="simple__ftp__client_8h_1a3467a2360ec6e25ec7e2655dc12d3bbd" refkind="member"><highlight class="normal">uint8_t<sp/><ref refid="simple__ftp__client_8cpp_1a3467a2360ec6e25ec7e2655dc12d3bbd" kindref="member">sendFTPCommand</ref>(String<sp/>cmd)</highlight></codeline>
<codeline lineno="78"><highlight class="normal">{</highlight></codeline>
<codeline lineno="79"><highlight class="normal"><sp/><sp/></highlight><highlight class="keywordtype">int</highlight><highlight class="normal"><sp/>ret<sp/>=<sp/>0;</highlight></codeline>
<codeline lineno="80"><highlight class="normal"><sp/><sp/>FTPLog(</highlight><highlight class="stringliteral">&quot;&lt;<sp/>&quot;</highlight><highlight class="normal">);</highlight></codeline>
<codeline lineno="81"><highlight class="normal"><sp/><sp/>FTPLogLn(cmd);</highlight></codeline>
<codeline lineno="82"><highlight class="normal"><sp/><sp/><ref refid="simple__ftp__client_8cpp_1a6af65732e5b7c485775c7c49a1532fa8" kindref="member">ftpflush</ref>();</highlight></codeline>
<codeline lineno="83"><highlight class="normal"><sp/><sp/>ftpClient.flush();</highlight></codeline>
<codeline lineno="84"><highlight class="normal"><sp/><sp/>ftpClient.println(cmd);</highlight></codeline>
<codeline lineno="85"><highlight class="normal"><sp/><sp/>delay(DELAY_BETWEEN_COMMAND);</highlight></codeline>
<codeline lineno="86"><highlight class="normal"><sp/><sp/><ref refid="simple__ftp__client_8cpp_1a31d00d333d4f26f7b8925f99df4331be" kindref="member">readFTPResponse</ref>();</highlight></codeline>
<codeline lineno="87"><highlight class="normal"><sp/><sp/></highlight><highlight class="keywordflow">if</highlight><highlight class="normal"><sp/>(recvBuf.length())</highlight></codeline>
<codeline lineno="88"><highlight class="normal"><sp/><sp/><sp/><sp/>sscanf(recvBuf.c_str(),<sp/></highlight><highlight class="stringliteral">&quot;%d<sp/>&quot;</highlight><highlight class="normal">,<sp/>&amp;ret);</highlight></codeline>
<codeline lineno="89"><highlight class="normal"><sp/><sp/></highlight><highlight class="keywordtype">char</highlight><highlight class="normal"><sp/>*ptr;</highlight></codeline>
<codeline lineno="90"><highlight class="normal"><sp/><sp/>ptr<sp/>=<sp/>(</highlight><highlight class="keywordtype">char</highlight><highlight class="normal">*)recvBuf.c_str();</highlight></codeline>
<codeline lineno="91"><highlight class="normal"><sp/><sp/></highlight><highlight class="keywordflow">while</highlight><highlight class="normal"><sp/>(*ptr)</highlight></codeline>
<codeline lineno="92"><highlight class="normal"><sp/><sp/>{</highlight></codeline>
<codeline lineno="93"><highlight class="normal"><sp/><sp/><sp/><sp/></highlight><highlight class="keywordflow">if</highlight><highlight class="normal"><sp/>(isdigit<sp/>(*ptr)<sp/>)<sp/>{</highlight></codeline>
<codeline lineno="94"><highlight class="normal"><sp/><sp/><sp/><sp/><sp/><sp/>ret<sp/>=<sp/>strtoul<sp/>(ptr,<sp/>&amp;ptr,<sp/>10);</highlight></codeline>
<codeline lineno="95"><highlight class="normal"><sp/><sp/><sp/><sp/><sp/><sp/></highlight><highlight class="keywordflow">break</highlight><highlight class="normal">;</highlight></codeline>
<codeline lineno="96"><highlight class="normal"><sp/><sp/><sp/><sp/>}</highlight></codeline>
<codeline lineno="97"><highlight class="normal"><sp/><sp/><sp/><sp/>ptr++;</highlight></codeline>
<codeline lineno="98"><highlight class="normal"><sp/><sp/>}</highlight></codeline>
<codeline lineno="99"><highlight class="normal"></highlight></codeline>
<codeline lineno="100"><highlight class="normal"><sp/><sp/></highlight><highlight class="keywordflow">return</highlight><highlight class="normal"><sp/>(uint8_t)ret;</highlight></codeline>
<codeline lineno="101"><highlight class="normal">}</highlight></codeline>
<codeline lineno="102"><highlight class="normal"></highlight></codeline>
<codeline lineno="112" refid="simple__ftp__client_8h_1ab1da047c9727104381983f9a23399792" refkind="member"><highlight class="keywordtype">bool</highlight><highlight class="normal"><sp/><ref refid="simple__ftp__client_8cpp_1ab1da047c9727104381983f9a23399792" kindref="member">loginFTPServer</ref>(String<sp/>username<sp/>,<sp/>String<sp/>password)</highlight></codeline>
<codeline lineno="113"><highlight class="normal">{</highlight></codeline>
<codeline lineno="114"><highlight class="normal"><sp/><sp/>uint8_t<sp/>ret<sp/>=<sp/>0;</highlight></codeline>
<codeline lineno="115"><highlight class="normal"><sp/><sp/>delay(50);</highlight></codeline>
<codeline lineno="116"><highlight class="normal"><sp/><sp/><ref refid="simple__ftp__client_8cpp_1a6af65732e5b7c485775c7c49a1532fa8" kindref="member">ftpflush</ref>();</highlight></codeline>
<codeline lineno="117"><highlight class="normal"><sp/><sp/>ret<sp/>=<sp/><ref refid="simple__ftp__client_8cpp_1a3467a2360ec6e25ec7e2655dc12d3bbd" kindref="member">sendFTPCommand</ref>(</highlight><highlight class="stringliteral">&quot;USER<sp/>&quot;</highlight><highlight class="normal"><sp/>+<sp/>username);</highlight></codeline>
<codeline lineno="118"><highlight class="normal"><sp/><sp/>delay(50);</highlight></codeline>
<codeline lineno="119"><highlight class="normal"><sp/><sp/><ref refid="simple__ftp__client_8cpp_1a6af65732e5b7c485775c7c49a1532fa8" kindref="member">ftpflush</ref>();</highlight></codeline>
<codeline lineno="120"><highlight class="normal"><sp/><sp/>ret<sp/>=<sp/><ref refid="simple__ftp__client_8cpp_1a3467a2360ec6e25ec7e2655dc12d3bbd" kindref="member">sendFTPCommand</ref>(</highlight><highlight class="stringliteral">&quot;PASS<sp/>&quot;</highlight><highlight class="normal"><sp/>+<sp/>password);</highlight></codeline>
<codeline lineno="121"><highlight class="normal"><sp/><sp/></highlight><highlight class="keywordflow">if</highlight><highlight class="normal"><sp/>(LOGIN_SUCCESS<sp/>==<sp/>ret)</highlight></codeline>
<codeline lineno="122"><highlight class="normal"><sp/><sp/>{</highlight></codeline>
<codeline lineno="123"><highlight class="normal"><sp/><sp/><sp/><sp/></highlight><highlight class="keywordflow">return</highlight><highlight class="normal"><sp/></highlight><highlight class="keyword">true</highlight><highlight class="normal">;</highlight></codeline>
<codeline lineno="124"><highlight class="normal"><sp/><sp/>}</highlight></codeline>
<codeline lineno="125"><highlight class="normal"><sp/><sp/></highlight><highlight class="keywordflow">return</highlight><highlight class="normal"><sp/></highlight><highlight class="keyword">false</highlight><highlight class="normal">;</highlight></codeline>
<codeline lineno="126"><highlight class="normal">}</highlight></codeline>
<codeline lineno="127"><highlight class="normal"></highlight></codeline>
<codeline lineno="134" refid="simple__ftp__client_8h_1a65a5e35dc8809616c3712b8fc09d4c65" refkind="member"><highlight class="keywordtype">bool</highlight><highlight class="normal"><sp/><ref refid="simple__ftp__client_8cpp_1a65a5e35dc8809616c3712b8fc09d4c65" kindref="member">parseFTPDataPort</ref>()</highlight></codeline>
<codeline lineno="135"><highlight class="normal">{</highlight></codeline>
<codeline lineno="136"><highlight class="normal"><sp/><sp/></highlight><highlight class="keywordtype">char</highlight><highlight class="normal"><sp/>str[100];</highlight></codeline>
<codeline lineno="137"><highlight class="normal"><sp/><sp/><ref refid="simple__ftp__client_8h_1a01af47afac12d1167720ebd27e9445a6" kindref="member">DataPort</ref><sp/>=<sp/>0;</highlight></codeline>
<codeline lineno="138"><highlight class="normal"><sp/><sp/></highlight><highlight class="keywordtype">char</highlight><highlight class="normal"><sp/>*ptr;</highlight></codeline>
<codeline lineno="139"><highlight class="normal"><sp/><sp/>ptr<sp/>=<sp/>(</highlight><highlight class="keywordtype">char</highlight><highlight class="normal">*)recvBuf.c_str();</highlight></codeline>
<codeline lineno="140"><highlight class="normal"><sp/><sp/>ptr<sp/>+=<sp/>3;</highlight></codeline>
<codeline lineno="141"><highlight class="normal"><sp/><sp/></highlight><highlight class="keywordflow">while</highlight><highlight class="normal"><sp/>(*ptr)</highlight></codeline>
<codeline lineno="142"><highlight class="normal"><sp/><sp/>{</highlight></codeline>
<codeline lineno="143"><highlight class="normal"><sp/><sp/><sp/><sp/></highlight><highlight class="keywordflow">if</highlight><highlight class="normal"><sp/>(isdigit<sp/>(*ptr)<sp/>)<sp/>{</highlight></codeline>
<codeline lineno="144"><highlight class="normal"><sp/><sp/><sp/><sp/><sp/><sp/><ref refid="simple__ftp__client_8h_1a01af47afac12d1167720ebd27e9445a6" kindref="member">DataPort</ref><sp/>=<sp/>strtoul<sp/>(ptr,<sp/>&amp;ptr,<sp/>10);</highlight></codeline>
<codeline lineno="145"><highlight class="normal"><sp/><sp/><sp/><sp/>}</highlight></codeline>
<codeline lineno="146"><highlight class="normal"><sp/><sp/><sp/><sp/>ptr++;</highlight></codeline>
<codeline lineno="147"><highlight class="normal"><sp/><sp/>}</highlight></codeline>
<codeline lineno="148"><highlight class="normal"></highlight></codeline>
<codeline lineno="149"><highlight class="normal"><sp/><sp/>FTPLogLn(String(</highlight><highlight class="stringliteral">&quot;Port<sp/>Parsed<sp/>&quot;</highlight><highlight class="normal">)<sp/>+<sp/><ref refid="simple__ftp__client_8h_1a01af47afac12d1167720ebd27e9445a6" kindref="member">DataPort</ref>);</highlight></codeline>
<codeline lineno="150"><highlight class="normal"><sp/><sp/></highlight><highlight class="keywordflow">if</highlight><highlight class="normal"><sp/>(<ref refid="simple__ftp__client_8h_1a01af47afac12d1167720ebd27e9445a6" kindref="member">DataPort</ref><sp/>&gt;<sp/>0)</highlight></codeline>
<codeline lineno="151"><highlight class="normal"><sp/><sp/>{</highlight></codeline>
<codeline lineno="152"><highlight class="normal"><sp/><sp/><sp/><sp/></highlight><highlight class="keywordflow">return</highlight><highlight class="normal"><sp/></highlight><highlight class="keyword">true</highlight><highlight class="normal">;</highlight></codeline>
<codeline lineno="153"><highlight class="normal"><sp/><sp/>}</highlight></codeline>
<codeline lineno="154"><highlight class="normal"><sp/><sp/></highlight><highlight class="keywordflow">return</highlight><highlight class="normal"><sp/></highlight><highlight class="keyword">false</highlight><highlight class="normal">;</highlight></codeline>
<codeline lineno="155"><highlight class="normal">}</highlight></codeline>
<codeline lineno="156"><highlight class="normal"></highlight></codeline>
<codeline lineno="161" refid="simple__ftp__client_8h_1ae57fda49e235dfe4a092e2f55bb72bc2" refkind="member"><highlight class="keywordtype">bool</highlight><highlight class="normal"><sp/><ref refid="simple__ftp__client_8cpp_1ae57fda49e235dfe4a092e2f55bb72bc2" kindref="member">initFileDownloadSequence</ref>()</highlight></codeline>
<codeline lineno="162"><highlight class="normal">{</highlight></codeline>
<codeline lineno="163"><highlight class="normal"><sp/><sp/><ref refid="simple__ftp__client_8cpp_1a3467a2360ec6e25ec7e2655dc12d3bbd" kindref="member">sendFTPCommand</ref>(</highlight><highlight class="stringliteral">&quot;NOOP&quot;</highlight><highlight class="normal">);</highlight></codeline>
<codeline lineno="164"><highlight class="normal"><sp/><sp/><ref refid="simple__ftp__client_8cpp_1a3467a2360ec6e25ec7e2655dc12d3bbd" kindref="member">sendFTPCommand</ref>(</highlight><highlight class="stringliteral">&quot;TYPE<sp/>I&quot;</highlight><highlight class="normal">);</highlight></codeline>
<codeline lineno="165"><highlight class="normal"><sp/><sp/><ref refid="simple__ftp__client_8cpp_1a3467a2360ec6e25ec7e2655dc12d3bbd" kindref="member">sendFTPCommand</ref>(</highlight><highlight class="stringliteral">&quot;TYPE<sp/>I&quot;</highlight><highlight class="normal">);</highlight></codeline>
<codeline lineno="166"><highlight class="normal"><sp/><sp/>delay(200);</highlight></codeline>
<codeline lineno="167"><highlight class="normal"><sp/><sp/><ref refid="simple__ftp__client_8cpp_1a3467a2360ec6e25ec7e2655dc12d3bbd" kindref="member">sendFTPCommand</ref>(</highlight><highlight class="stringliteral">&quot;EPSV&quot;</highlight><highlight class="normal">);</highlight></codeline>
<codeline lineno="168"><highlight class="normal"><sp/><sp/></highlight><highlight class="keywordflow">return</highlight><highlight class="normal"><sp/><ref refid="simple__ftp__client_8cpp_1a65a5e35dc8809616c3712b8fc09d4c65" kindref="member">parseFTPDataPort</ref>();</highlight></codeline>
<codeline lineno="169"><highlight class="normal">}</highlight></codeline>
<codeline lineno="170"><highlight class="normal"></highlight></codeline>
<codeline lineno="180" refid="simple__ftp__client_8h_1a640d7b20175be6e56583013070de4b32" refkind="member"><highlight class="keywordtype">bool</highlight><highlight class="normal"><sp/><ref refid="simple__ftp__client_8cpp_1a640d7b20175be6e56583013070de4b32" kindref="member">downloadFileFromFTP</ref>(String<sp/>path)</highlight></codeline>
<codeline lineno="181"><highlight class="normal">{</highlight></codeline>
<codeline lineno="182"><highlight class="normal"><sp/><sp/></highlight><highlight class="keywordtype">int</highlight><highlight class="normal"><sp/>socket_fd;</highlight></codeline>
<codeline lineno="183"><highlight class="normal"><sp/><sp/></highlight><highlight class="keyword">struct<sp/></highlight><highlight class="normal">sockaddr_in<sp/>sa,<sp/>ra;</highlight></codeline>
<codeline lineno="184"><highlight class="normal"><sp/><sp/>File<sp/>file;</highlight></codeline>
<codeline lineno="185"><highlight class="normal"><sp/><sp/></highlight><highlight class="keywordtype">int</highlight><highlight class="normal"><sp/>recvDataCount<sp/>=<sp/>0;</highlight></codeline>
<codeline lineno="186"><highlight class="normal"><sp/><sp/>uint8_t<sp/>data_buffer[5000];</highlight></codeline>
<codeline lineno="187"><highlight class="normal"></highlight></codeline>
<codeline lineno="188"><highlight class="normal"><sp/><sp/></highlight><highlight class="keywordflow">if</highlight><highlight class="normal"><sp/>(!<ref refid="simple__ftp__client_8cpp_1ae57fda49e235dfe4a092e2f55bb72bc2" kindref="member">initFileDownloadSequence</ref>())</highlight></codeline>
<codeline lineno="189"><highlight class="normal"><sp/><sp/>{</highlight></codeline>
<codeline lineno="190"><highlight class="normal"><sp/><sp/><sp/><sp/></highlight><highlight class="keywordflow">return</highlight><highlight class="normal"><sp/></highlight><highlight class="keyword">false</highlight><highlight class="normal">;</highlight></codeline>
<codeline lineno="191"><highlight class="normal"><sp/><sp/>}</highlight></codeline>
<codeline lineno="192"><highlight class="normal"></highlight></codeline>
<codeline lineno="193"><highlight class="normal"><sp/><sp/>socket_fd<sp/>=<sp/>socket(PF_INET,<sp/>SOCK_STREAM,<sp/>0);</highlight></codeline>
<codeline lineno="194"><highlight class="normal"><sp/><sp/></highlight><highlight class="keywordflow">if</highlight><highlight class="normal"><sp/>(<sp/>socket_fd<sp/>&lt;<sp/>0<sp/>)</highlight></codeline>
<codeline lineno="195"><highlight class="normal"><sp/><sp/>{</highlight></codeline>
<codeline lineno="196"><highlight class="normal"><sp/><sp/><sp/><sp/>printf(</highlight><highlight class="stringliteral">&quot;socket<sp/>call<sp/>failed&quot;</highlight><highlight class="normal">);</highlight></codeline>
<codeline lineno="197"><highlight class="normal"><sp/><sp/><sp/><sp/></highlight><highlight class="keywordflow">return</highlight><highlight class="normal"><sp/></highlight><highlight class="keyword">false</highlight><highlight class="normal">;</highlight></codeline>
<codeline lineno="198"><highlight class="normal"><sp/><sp/>}</highlight></codeline>
<codeline lineno="199"><highlight class="normal"></highlight></codeline>
<codeline lineno="200"><highlight class="normal"><sp/><sp/></highlight><highlight class="comment">/*<sp/>Receiver<sp/>connects<sp/>to<sp/>server<sp/>ip-address.<sp/>*/</highlight><highlight class="normal"></highlight></codeline>
<codeline lineno="201"><highlight class="normal"></highlight></codeline>
<codeline lineno="202"><highlight class="normal"><sp/><sp/>memset(&amp;ra,<sp/>0,<sp/></highlight><highlight class="keyword">sizeof</highlight><highlight class="normal">(</highlight><highlight class="keyword">struct</highlight><highlight class="normal"><sp/>sockaddr_in));</highlight></codeline>
<codeline lineno="203"><highlight class="normal"><sp/><sp/>ra.sin_family<sp/>=<sp/>AF_INET;</highlight></codeline>
<codeline lineno="204"><highlight class="normal"><sp/><sp/>ra.sin_addr.s_addr<sp/>=<sp/>inet_addr(<ref refid="simple__ftp__client_8h_1a1c2046dcb30a629d6d9f45ff8f403f12" kindref="member">host</ref>);</highlight></codeline>
<codeline lineno="205"><highlight class="normal"><sp/><sp/>ra.sin_port<sp/>=<sp/>htons(<ref refid="simple__ftp__client_8h_1a01af47afac12d1167720ebd27e9445a6" kindref="member">DataPort</ref>);</highlight></codeline>
<codeline lineno="206"><highlight class="normal"></highlight></codeline>
<codeline lineno="207"><highlight class="normal"><sp/><sp/></highlight><highlight class="keywordflow">if</highlight><highlight class="normal"><sp/>(connect(socket_fd,<sp/>(</highlight><highlight class="keyword">const</highlight><highlight class="normal"><sp/>sockaddr*)&amp;ra,<sp/></highlight><highlight class="keyword">sizeof</highlight><highlight class="normal">(</highlight><highlight class="keyword">struct</highlight><highlight class="normal"><sp/>sockaddr_in))<sp/>&lt;<sp/>0)</highlight></codeline>
<codeline lineno="208"><highlight class="normal"><sp/><sp/>{</highlight></codeline>
<codeline lineno="209"><highlight class="normal"><sp/><sp/><sp/><sp/>printf(</highlight><highlight class="stringliteral">&quot;connect<sp/>failed<sp/>\n&quot;</highlight><highlight class="normal">);</highlight></codeline>
<codeline lineno="210"><highlight class="normal"><sp/><sp/><sp/><sp/>close(socket_fd);</highlight></codeline>
<codeline lineno="211"><highlight class="normal"><sp/><sp/><sp/><sp/></highlight><highlight class="keywordflow">return</highlight><highlight class="normal"><sp/></highlight><highlight class="keyword">false</highlight><highlight class="normal">;</highlight></codeline>
<codeline lineno="212"><highlight class="normal"><sp/><sp/>}</highlight></codeline>
<codeline lineno="213"><highlight class="normal"></highlight></codeline>
<codeline lineno="214"><highlight class="normal"><sp/><sp/></highlight><highlight class="keywordtype">int</highlight><highlight class="normal"><sp/>recvCount<sp/>=<sp/>0;</highlight></codeline>
<codeline lineno="215"><highlight class="normal"></highlight></codeline>
<codeline lineno="216"><highlight class="normal"><sp/><sp/></highlight><highlight class="keywordflow">if</highlight><highlight class="normal"><sp/>(OPENING_FILE<sp/>==<sp/><ref refid="simple__ftp__client_8cpp_1a3467a2360ec6e25ec7e2655dc12d3bbd" kindref="member">sendFTPCommand</ref>(</highlight><highlight class="stringliteral">&quot;RETR<sp/>&quot;</highlight><highlight class="normal"><sp/>+<sp/>path))</highlight></codeline>
<codeline lineno="217"><highlight class="normal"><sp/><sp/>{</highlight></codeline>
<codeline lineno="218"><highlight class="normal"><sp/><sp/><sp/><sp/><ref refid="_s_d__card__helper_8cpp_1a46f7a6bcbff6b307b587e3675a2a297d" kindref="member">SD_rmFile</ref>(path.c_str());</highlight></codeline>
<codeline lineno="219"><highlight class="normal"><sp/><sp/><sp/><sp/>file<sp/>=<sp/>SD.open(path,<sp/>FILE_WRITE);</highlight></codeline>
<codeline lineno="220"><highlight class="normal"><sp/><sp/><sp/><sp/></highlight><highlight class="keywordflow">if</highlight><highlight class="normal"><sp/>(!file)<sp/>{</highlight></codeline>
<codeline lineno="221"><highlight class="normal"><sp/><sp/><sp/><sp/><sp/><sp/>FTPLogLn(</highlight><highlight class="stringliteral">&quot;Failed<sp/>to<sp/>open<sp/>file<sp/>for<sp/>writing&quot;</highlight><highlight class="normal">);</highlight></codeline>
<codeline lineno="222"><highlight class="normal"><sp/><sp/><sp/><sp/><sp/><sp/>close(socket_fd);</highlight></codeline>
<codeline lineno="223"><highlight class="normal"><sp/><sp/><sp/><sp/><sp/><sp/></highlight><highlight class="keywordflow">return</highlight><highlight class="normal"><sp/></highlight><highlight class="keyword">false</highlight><highlight class="normal">;</highlight></codeline>
<codeline lineno="224"><highlight class="normal"><sp/><sp/><sp/><sp/>}</highlight></codeline>
<codeline lineno="225"><highlight class="normal"><sp/><sp/>}</highlight></codeline>
<codeline lineno="226"><highlight class="normal"><sp/><sp/></highlight><highlight class="keywordflow">else</highlight><highlight class="normal"></highlight></codeline>
<codeline lineno="227"><highlight class="normal"><sp/><sp/>{</highlight></codeline>
<codeline lineno="228"><highlight class="normal"><sp/><sp/><sp/><sp/>close(socket_fd);</highlight></codeline>
<codeline lineno="229"><highlight class="normal"><sp/><sp/><sp/><sp/></highlight><highlight class="keywordflow">return</highlight><highlight class="normal"><sp/></highlight><highlight class="keyword">false</highlight><highlight class="normal">;</highlight></codeline>
<codeline lineno="230"><highlight class="normal"><sp/><sp/>}</highlight></codeline>
<codeline lineno="231"><highlight class="normal"></highlight></codeline>
<codeline lineno="232"><highlight class="normal"><sp/><sp/>FTPLogLn(</highlight><highlight class="stringliteral">&quot;Downloading<sp/>File&quot;</highlight><highlight class="normal">);</highlight></codeline>
<codeline lineno="233"><highlight class="normal"><sp/><sp/>uint32_t<sp/>t<sp/>=<sp/>millis();</highlight></codeline>
<codeline lineno="234"><highlight class="normal"><sp/><sp/></highlight><highlight class="keywordflow">while</highlight><highlight class="normal"><sp/>(<sp/>(recvDataCount<sp/>=<sp/>recv(socket_fd,<sp/>data_buffer,<sp/></highlight><highlight class="keyword">sizeof</highlight><highlight class="normal">(data_buffer),<sp/>0))<sp/>&gt;<sp/>0)</highlight></codeline>
<codeline lineno="235"><highlight class="normal"><sp/><sp/>{</highlight></codeline>
<codeline lineno="236"><highlight class="normal"><sp/><sp/><sp/><sp/>file.write(data_buffer,<sp/>recvDataCount);</highlight></codeline>
<codeline lineno="237"><highlight class="normal"><sp/><sp/><sp/><sp/>recvCount<sp/>+=<sp/>recvDataCount;</highlight></codeline>
<codeline lineno="238"><highlight class="normal"><sp/><sp/>}</highlight></codeline>
<codeline lineno="239"><highlight class="normal"><sp/><sp/>uint32_t<sp/>ttotal<sp/>=<sp/>(millis()<sp/>-<sp/>t);</highlight></codeline>
<codeline lineno="240"><highlight class="normal"><sp/><sp/>FTPLogLn((String)</highlight><highlight class="stringliteral">&quot;File<sp/>Download<sp/>Completed<sp/>&quot;</highlight><highlight class="normal"><sp/>+<sp/>recvCount);</highlight></codeline>
<codeline lineno="241"><highlight class="normal"><sp/><sp/>FTPLogF(</highlight><highlight class="stringliteral">&quot;Time<sp/>required<sp/>Download<sp/>File<sp/>%d<sp/>ms,<sp/>File<sp/>Size<sp/>%d<sp/>bytes\n&quot;</highlight><highlight class="normal"><sp/>,<sp/>ttotal<sp/>,<sp/>recvCount);</highlight></codeline>
<codeline lineno="242"><highlight class="normal"><sp/><sp/>file.close();</highlight></codeline>
<codeline lineno="243"><highlight class="normal"><sp/><sp/>close(socket_fd);</highlight></codeline>
<codeline lineno="244"><highlight class="normal"><sp/><sp/></highlight><highlight class="keywordflow">return</highlight><highlight class="normal"><sp/></highlight><highlight class="keyword">true</highlight><highlight class="normal">;</highlight></codeline>
<codeline lineno="245"><highlight class="normal">}</highlight></codeline>
<codeline lineno="246"><highlight class="normal"></highlight></codeline>
<codeline lineno="256" refid="simple__ftp__client_8h_1a983c9cc145054b9d504bec8548b99356" refkind="member"><highlight class="keywordtype">bool</highlight><highlight class="normal"><sp/><ref refid="simple__ftp__client_8cpp_1a983c9cc145054b9d504bec8548b99356" kindref="member">getFile</ref>(String<sp/>path)</highlight></codeline>
<codeline lineno="257"><highlight class="normal">{</highlight></codeline>
<codeline lineno="258"><highlight class="normal"><sp/><sp/></highlight><highlight class="keywordtype">char</highlight><highlight class="normal"><sp/>ch;</highlight></codeline>
<codeline lineno="259"><highlight class="normal"><sp/><sp/>recvBuf<sp/>=<sp/></highlight><highlight class="stringliteral">&quot;&quot;</highlight><highlight class="normal">;</highlight></codeline>
<codeline lineno="260"><highlight class="normal"><sp/><sp/>File<sp/>file;</highlight></codeline>
<codeline lineno="261"><highlight class="normal"></highlight></codeline>
<codeline lineno="262"><highlight class="normal"><sp/><sp/></highlight><highlight class="keywordtype">unsigned</highlight><highlight class="normal"><sp/></highlight><highlight class="keywordtype">int</highlight><highlight class="normal"><sp/>i<sp/>=<sp/>0,<sp/>j<sp/>=<sp/>0;</highlight></codeline>
<codeline lineno="263"><highlight class="normal"><sp/><sp/>uint8_t<sp/>dataBuf[4096];</highlight></codeline>
<codeline lineno="264"><highlight class="normal"></highlight></codeline>
<codeline lineno="265"><highlight class="normal"><sp/><sp/><ref refid="simple__ftp__client_8cpp_1ae57fda49e235dfe4a092e2f55bb72bc2" kindref="member">initFileDownloadSequence</ref>();</highlight></codeline>
<codeline lineno="266"><highlight class="normal"></highlight></codeline>
<codeline lineno="267"><highlight class="normal"><sp/><sp/>client.connect(<ref refid="simple__ftp__client_8h_1a1c2046dcb30a629d6d9f45ff8f403f12" kindref="member">host</ref>,<sp/><ref refid="simple__ftp__client_8h_1a01af47afac12d1167720ebd27e9445a6" kindref="member">DataPort</ref>);</highlight></codeline>
<codeline lineno="268"><highlight class="normal"></highlight></codeline>
<codeline lineno="269"><highlight class="normal"><sp/><sp/></highlight><highlight class="keywordflow">if</highlight><highlight class="normal"><sp/>(OPENING_FILE<sp/>==<sp/><ref refid="simple__ftp__client_8cpp_1a3467a2360ec6e25ec7e2655dc12d3bbd" kindref="member">sendFTPCommand</ref>(</highlight><highlight class="stringliteral">&quot;RETR<sp/>&quot;</highlight><highlight class="normal"><sp/>+<sp/>path))</highlight></codeline>
<codeline lineno="270"><highlight class="normal"><sp/><sp/>{</highlight></codeline>
<codeline lineno="271"><highlight class="normal"><sp/><sp/><sp/><sp/><ref refid="_s_d__card__helper_8cpp_1a46f7a6bcbff6b307b587e3675a2a297d" kindref="member">SD_rmFile</ref>(path.c_str());</highlight></codeline>
<codeline lineno="272"><highlight class="normal"><sp/><sp/><sp/><sp/>file<sp/>=<sp/>SD.open(path,<sp/>FILE_WRITE);</highlight></codeline>
<codeline lineno="273"><highlight class="normal"><sp/><sp/><sp/><sp/></highlight><highlight class="keywordflow">if</highlight><highlight class="normal"><sp/>(!file)<sp/>{</highlight></codeline>
<codeline lineno="274"><highlight class="normal"><sp/><sp/><sp/><sp/><sp/><sp/>FTPLogLn(</highlight><highlight class="stringliteral">&quot;Failed<sp/>to<sp/>open<sp/>file<sp/>for<sp/>writing&quot;</highlight><highlight class="normal">);</highlight></codeline>
<codeline lineno="275"><highlight class="normal"><sp/><sp/><sp/><sp/><sp/><sp/></highlight><highlight class="keywordflow">return</highlight><highlight class="normal"><sp/></highlight><highlight class="keyword">false</highlight><highlight class="normal">;</highlight></codeline>
<codeline lineno="276"><highlight class="normal"><sp/><sp/><sp/><sp/>}</highlight></codeline>
<codeline lineno="277"><highlight class="normal"><sp/><sp/>}</highlight></codeline>
<codeline lineno="278"><highlight class="normal"></highlight></codeline>
<codeline lineno="279"><highlight class="normal"><sp/><sp/>client.flush();</highlight></codeline>
<codeline lineno="280"><highlight class="normal"><sp/><sp/>uint32_t<sp/>t<sp/>=<sp/>millis();</highlight></codeline>
<codeline lineno="281"><highlight class="normal"><sp/><sp/></highlight><highlight class="keywordflow">while</highlight><highlight class="normal"><sp/>(client.connected())</highlight></codeline>
<codeline lineno="282"><highlight class="normal"><sp/><sp/>{</highlight></codeline>
<codeline lineno="283"><highlight class="normal"><sp/><sp/><sp/><sp/></highlight><highlight class="keywordflow">while</highlight><highlight class="normal"><sp/>(client.available()<sp/>&gt;<sp/>0)</highlight></codeline>
<codeline lineno="284"><highlight class="normal"><sp/><sp/><sp/><sp/>{</highlight></codeline>
<codeline lineno="285"><highlight class="normal"><sp/><sp/><sp/><sp/><sp/><sp/>j<sp/>=<sp/>client.read(dataBuf,<sp/>4096);</highlight></codeline>
<codeline lineno="286"><highlight class="normal"><sp/><sp/><sp/><sp/><sp/><sp/>file.write(dataBuf,<sp/>j);</highlight></codeline>
<codeline lineno="287"><highlight class="normal"><sp/><sp/><sp/><sp/><sp/><sp/>i<sp/>+=<sp/>j;</highlight></codeline>
<codeline lineno="288"><highlight class="normal"><sp/><sp/><sp/><sp/>}</highlight></codeline>
<codeline lineno="289"><highlight class="normal"><sp/><sp/>}</highlight></codeline>
<codeline lineno="290"><highlight class="normal"></highlight></codeline>
<codeline lineno="291"><highlight class="normal"><sp/><sp/>uint32_t<sp/>ttotal<sp/>=<sp/>(millis()<sp/>-<sp/>t);</highlight></codeline>
<codeline lineno="292"><highlight class="normal"><sp/><sp/>delay(2);</highlight></codeline>
<codeline lineno="293"><highlight class="normal"><sp/><sp/>FTPLogLn(</highlight><highlight class="stringliteral">&quot;File<sp/>Download<sp/>Completed&quot;</highlight><highlight class="normal">);</highlight></codeline>
<codeline lineno="294"><highlight class="normal"><sp/><sp/>FTPLogLn(String(</highlight><highlight class="stringliteral">&quot;Time<sp/>required<sp/>Download<sp/>File<sp/>&quot;</highlight><highlight class="normal">)<sp/>+<sp/>(ttotal<sp/>/<sp/>1000)<sp/>+<sp/></highlight><highlight class="stringliteral">&quot;sec<sp/>File<sp/>Size<sp/>&quot;</highlight><highlight class="normal"><sp/>+<sp/>i<sp/>+<sp/></highlight><highlight class="stringliteral">&quot;kb<sp/>&quot;</highlight><highlight class="normal"><sp/>+<sp/></highlight><highlight class="stringliteral">&quot;<sp/>Speed<sp/>of<sp/>file<sp/>transfer<sp/>&quot;</highlight><highlight class="normal"><sp/>+<sp/>((i<sp/>/<sp/>1024)<sp/>/<sp/>(ttotal<sp/>/<sp/>1000))<sp/>+<sp/></highlight><highlight class="stringliteral">&quot;<sp/>kbps&quot;</highlight><highlight class="normal">);</highlight></codeline>
<codeline lineno="295"><highlight class="normal"><sp/><sp/>client.stop();</highlight></codeline>
<codeline lineno="296"><highlight class="normal"><sp/><sp/>file.close();</highlight></codeline>
<codeline lineno="297"><highlight class="normal"><sp/><sp/></highlight><highlight class="keywordflow">return</highlight><highlight class="normal"><sp/></highlight><highlight class="keyword">true</highlight><highlight class="normal">;</highlight></codeline>
<codeline lineno="298"><highlight class="normal">}</highlight></codeline>
    </programlisting>
    <location file="C:/Users/Dhananjay/Documents/Arduino/ESP32FTP_FILE_TRANSFER/simple_ftp_client.cpp"/>
  </compounddef>
</doxygen>
