<?xml version='1.0' encoding='UTF-8' standalone='no'?>
<doxygen xmlns:xsi="http://www.w3.org/2001/XMLSchema-instance" xsi:noNamespaceSchemaLocation="compound.xsd" version="1.8.15">
  <compounddef id="simple__ftp__client_8h" kind="file" language="C++">
    <compoundname>simple_ftp_client.h</compoundname>
    <includes local="no">Arduino.h</includes>
    <includes local="no">WiFi.h</includes>
    <includes local="no">lwip/sockets.h</includes>
    <includedby refid="simple__ftp__client_8cpp" local="yes">C:/Users/Dhananjay/Documents/Arduino/ESP32FTP_FILE_TRANSFER/simple_ftp_client.cpp</includedby>
    <incdepgraph>
      <node id="58">
        <label>C:/Users/Dhananjay/Documents/Arduino/ESP32FTP_FILE_TRANSFER/simple_ftp_client.h</label>
        <link refid="simple__ftp__client_8h"/>
        <childnode refid="59" relation="include">
        </childnode>
        <childnode refid="60" relation="include">
        </childnode>
        <childnode refid="61" relation="include">
        </childnode>
      </node>
      <node id="61">
        <label>lwip/sockets.h</label>
      </node>
      <node id="59">
        <label>Arduino.h</label>
      </node>
      <node id="60">
        <label>WiFi.h</label>
      </node>
    </incdepgraph>
    <invincdepgraph>
      <node id="63">
        <label>C:/Users/Dhananjay/Documents/Arduino/ESP32FTP_FILE_TRANSFER/simple_ftp_client.cpp</label>
        <link refid="simple__ftp__client_8cpp"/>
      </node>
      <node id="62">
        <label>C:/Users/Dhananjay/Documents/Arduino/ESP32FTP_FILE_TRANSFER/simple_ftp_client.h</label>
        <link refid="simple__ftp__client_8h"/>
        <childnode refid="63" relation="include">
        </childnode>
      </node>
    </invincdepgraph>
      <sectiondef kind="define">
      <memberdef kind="define" id="simple__ftp__client_8h_1a1ffea06febf575b95a891ff135330622" prot="public" static="no">
        <name>FTP_Log</name>
        <briefdescription>
        </briefdescription>
        <detaileddescription>
<para>Comment this macro to disabl e ftp logs </para>
        </detaileddescription>
        <inbodydescription>
        </inbodydescription>
        <location file="C:/Users/Dhananjay/Documents/Arduino/ESP32FTP_FILE_TRANSFER/simple_ftp_client.h" line="18" column="9" bodyfile="C:/Users/Dhananjay/Documents/Arduino/ESP32FTP_FILE_TRANSFER/simple_ftp_client.h" bodystart="18" bodyend="-1"/>
      </memberdef>
      <memberdef kind="define" id="simple__ftp__client_8h_1aca305aa162a583299d814e4eb6495bfd" prot="public" static="no">
        <name>FTPLog</name>
        <param><defname>...</defname></param>
        <initializer>Serial.print(__VA_ARGS__)</initializer>
        <briefdescription>
        </briefdescription>
        <detaileddescription>
        </detaileddescription>
        <inbodydescription>
        </inbodydescription>
        <location file="C:/Users/Dhananjay/Documents/Arduino/ESP32FTP_FILE_TRANSFER/simple_ftp_client.h" line="21" column="9" bodyfile="C:/Users/Dhananjay/Documents/Arduino/ESP32FTP_FILE_TRANSFER/simple_ftp_client.h" bodystart="21" bodyend="-1"/>
      </memberdef>
      <memberdef kind="define" id="simple__ftp__client_8h_1a2999e245078e771253941daa1d7c8a54" prot="public" static="no">
        <name>FTPLogLn</name>
        <param><defname>...</defname></param>
        <initializer>Serial.println(__VA_ARGS__)</initializer>
        <briefdescription>
        </briefdescription>
        <detaileddescription>
        </detaileddescription>
        <inbodydescription>
        </inbodydescription>
        <location file="C:/Users/Dhananjay/Documents/Arduino/ESP32FTP_FILE_TRANSFER/simple_ftp_client.h" line="22" column="9" bodyfile="C:/Users/Dhananjay/Documents/Arduino/ESP32FTP_FILE_TRANSFER/simple_ftp_client.h" bodystart="22" bodyend="-1"/>
      </memberdef>
      <memberdef kind="define" id="simple__ftp__client_8h_1a44aaa82cbd7158d0a59e112580815209" prot="public" static="no">
        <name>FTPLogF</name>
        <param><defname>...</defname></param>
        <initializer>Serial.printf(__VA_ARGS__)</initializer>
        <briefdescription>
        </briefdescription>
        <detaileddescription>
        </detaileddescription>
        <inbodydescription>
        </inbodydescription>
        <location file="C:/Users/Dhananjay/Documents/Arduino/ESP32FTP_FILE_TRANSFER/simple_ftp_client.h" line="23" column="9" bodyfile="C:/Users/Dhananjay/Documents/Arduino/ESP32FTP_FILE_TRANSFER/simple_ftp_client.h" bodystart="23" bodyend="-1"/>
      </memberdef>
      <memberdef kind="define" id="simple__ftp__client_8h_1a8131194276ec6d34a0a9b23dd79d2825" prot="public" static="no">
        <name>DELAY_BETWEEN_COMMAND</name>
        <initializer>200</initializer>
        <briefdescription>
        </briefdescription>
        <detaileddescription>
        </detaileddescription>
        <inbodydescription>
        </inbodydescription>
        <location file="C:/Users/Dhananjay/Documents/Arduino/ESP32FTP_FILE_TRANSFER/simple_ftp_client.h" line="30" column="9" bodyfile="C:/Users/Dhananjay/Documents/Arduino/ESP32FTP_FILE_TRANSFER/simple_ftp_client.h" bodystart="30" bodyend="-1"/>
      </memberdef>
      </sectiondef>
      <sectiondef kind="enum">
      <memberdef kind="enum" id="simple__ftp__client_8h_1ad4913858d3ca85dc4b1dbd93541c9966" prot="public" static="no" strong="no">
        <type></type>
        <name>EN_FTPResCode</name>
        <enumvalue id="simple__ftp__client_8h_1ad4913858d3ca85dc4b1dbd93541c9966a508bba104cd5a43dcf239d5dfeb20069" prot="public">
          <name>OPENING_FILE</name>
          <initializer>= 150</initializer>
          <briefdescription>
          </briefdescription>
          <detaileddescription>
          </detaileddescription>
        </enumvalue>
        <enumvalue id="simple__ftp__client_8h_1ad4913858d3ca85dc4b1dbd93541c9966aee62dab80d180773d80f882c0b84c535" prot="public">
          <name>LOGIN_SUCCESS</name>
          <initializer>= 230</initializer>
          <briefdescription>
          </briefdescription>
          <detaileddescription>
          </detaileddescription>
        </enumvalue>
        <enumvalue id="simple__ftp__client_8h_1ad4913858d3ca85dc4b1dbd93541c9966abc27a6b909296003973e169faf52f52d" prot="public">
          <name>FILE_NOT_FOUND</name>
          <initializer>= 550</initializer>
          <briefdescription>
          </briefdescription>
          <detaileddescription>
          </detaileddescription>
        </enumvalue>
        <briefdescription>
        </briefdescription>
        <detaileddescription>
<para>FTP response code </para>
        </detaileddescription>
        <inbodydescription>
        </inbodydescription>
        <location file="C:/Users/Dhananjay/Documents/Arduino/ESP32FTP_FILE_TRANSFER/simple_ftp_client.h" line="33" column="1" bodyfile="C:/Users/Dhananjay/Documents/Arduino/ESP32FTP_FILE_TRANSFER/simple_ftp_client.h" bodystart="33" bodyend="37"/>
      </memberdef>
      </sectiondef>
      <sectiondef kind="typedef">
      <memberdef kind="typedef" id="simple__ftp__client_8h_1a45964f74b6e38defc5ac62cbb8841d79" prot="public" static="no">
        <type>enum <ref refid="simple__ftp__client_8h_1ad4913858d3ca85dc4b1dbd93541c9966" kindref="member">EN_FTPResCode</ref></type>
        <definition>typedef enum EN_FTPResCode  EN_FTPResCode</definition>
        <argsstring></argsstring>
        <name>EN_FTPResCode</name>
        <briefdescription>
        </briefdescription>
        <detaileddescription>
<para>FTP response code </para>
        </detaileddescription>
        <inbodydescription>
        </inbodydescription>
        <location file="C:/Users/Dhananjay/Documents/Arduino/ESP32FTP_FILE_TRANSFER/simple_ftp_client.h" line="37" column="1"/>
      </memberdef>
      </sectiondef>
      <sectiondef kind="var">
      <memberdef kind="variable" id="simple__ftp__client_8h_1a1c2046dcb30a629d6d9f45ff8f403f12" prot="public" static="no" mutable="no">
        <type>char *</type>
        <definition>char* host</definition>
        <argsstring></argsstring>
        <name>host</name>
        <briefdescription>
        </briefdescription>
        <detaileddescription>
<para>This variable maintain ftp server ip address eg. &quot;192.168.1.2&quot; </para>
        </detaileddescription>
        <inbodydescription>
        </inbodydescription>
        <location file="C:/Users/Dhananjay/Documents/Arduino/ESP32FTP_FILE_TRANSFER/simple_ftp_client.h" line="43" column="1"/>
        <referencedby refid="simple__ftp__client_8h_1a640d7b20175be6e56583013070de4b32" compoundref="simple__ftp__client_8cpp" startline="180" endline="245">downloadFileFromFTP</referencedby>
      </memberdef>
      <memberdef kind="variable" id="simple__ftp__client_8h_1ad557241f04cb5be02a382bfc05dde5c4" prot="public" static="no" mutable="no">
        <type>unsigned int</type>
        <definition>unsigned int ftpPort</definition>
        <argsstring></argsstring>
        <name>ftpPort</name>
        <briefdescription>
        </briefdescription>
        <detaileddescription>
<para>This variable maintain ftp server port default 21 </para>
        </detaileddescription>
        <inbodydescription>
        </inbodydescription>
        <location file="C:/Users/Dhananjay/Documents/Arduino/ESP32FTP_FILE_TRANSFER/simple_ftp_client.h" line="45" column="1"/>
      </memberdef>
      <memberdef kind="variable" id="simple__ftp__client_8h_1a01af47afac12d1167720ebd27e9445a6" prot="public" static="no" mutable="no">
        <type>unsigned int</type>
        <definition>unsigned int DataPort</definition>
        <argsstring></argsstring>
        <name>DataPort</name>
        <briefdescription>
        </briefdescription>
        <detaileddescription>
<para>This variable maintain ftp data channel port can be parse by function <emphasis><ref refid="simple__ftp__client_8h_1a65a5e35dc8809616c3712b8fc09d4c65" kindref="member">parseFTPDataPort()</ref></emphasis> </para>
        </detaileddescription>
        <inbodydescription>
        </inbodydescription>
        <location file="C:/Users/Dhananjay/Documents/Arduino/ESP32FTP_FILE_TRANSFER/simple_ftp_client.h" line="47" column="1"/>
        <referencedby refid="simple__ftp__client_8h_1a640d7b20175be6e56583013070de4b32" compoundref="simple__ftp__client_8cpp" startline="180" endline="245">downloadFileFromFTP</referencedby>
        <referencedby refid="simple__ftp__client_8h_1a65a5e35dc8809616c3712b8fc09d4c65" compoundref="simple__ftp__client_8cpp" startline="134" endline="155">parseFTPDataPort</referencedby>
      </memberdef>
      </sectiondef>
      <sectiondef kind="func">
      <memberdef kind="function" id="simple__ftp__client_8h_1a5192a8a563617aa2a3acb192ae6d7115" prot="public" static="no" const="no" explicit="no" inline="no" virt="non-virtual">
        <type>bool</type>
        <definition>bool connectToFTPServer</definition>
        <argsstring>()</argsstring>
        <name>connectToFTPServer</name>
        <briefdescription>
<para>establis connection to ftp server </para>
        </briefdescription>
        <detaileddescription>
<para><simplesect kind="return"><para>true if success / false if failed </para>
</simplesect>
</para>
        </detaileddescription>
        <inbodydescription>
        </inbodydescription>
        <location file="C:/Users/Dhananjay/Documents/Arduino/ESP32FTP_FILE_TRANSFER/simple_ftp_client.h" line="53" column="1" bodyfile="C:/Users/Dhananjay/Documents/Arduino/ESP32FTP_FILE_TRANSFER/simple_ftp_client.cpp" bodystart="35" bodyend="43"/>
      </memberdef>
      <memberdef kind="function" id="simple__ftp__client_8h_1a3467a2360ec6e25ec7e2655dc12d3bbd" prot="public" static="no" const="no" explicit="no" inline="no" virt="non-virtual">
        <type>uint8_t</type>
        <definition>uint8_t sendFTPCommand</definition>
        <argsstring>(String cmd)</argsstring>
        <name>sendFTPCommand</name>
        <param>
          <type>String</type>
          <declname>cmd</declname>
        </param>
        <briefdescription>
<para>This function sends command to ftp server. </para>
        </briefdescription>
        <detaileddescription>
<para>sends command to ftp server and get responce from ftp server, then it parse that respoce to get responce code.</para>
<para><parameterlist kind="param"><parameteritem>
<parameternamelist>
<parametername>cmd</parametername>
</parameternamelist>
<parameterdescription>
<para>ftp command</para>
</parameterdescription>
</parameteritem>
</parameterlist>
<simplesect kind="return"><para>ftp responce code </para>
</simplesect>
</para>
        </detaileddescription>
        <inbodydescription>
        </inbodydescription>
        <location file="C:/Users/Dhananjay/Documents/Arduino/ESP32FTP_FILE_TRANSFER/simple_ftp_client.h" line="54" column="1" bodyfile="C:/Users/Dhananjay/Documents/Arduino/ESP32FTP_FILE_TRANSFER/simple_ftp_client.cpp" bodystart="77" bodyend="101"/>
        <referencedby refid="simple__ftp__client_8h_1ae57fda49e235dfe4a092e2f55bb72bc2" compoundref="simple__ftp__client_8cpp" startline="161" endline="169">initFileDownloadSequence</referencedby>
        <referencedby refid="simple__ftp__client_8h_1ab1da047c9727104381983f9a23399792" compoundref="simple__ftp__client_8cpp" startline="112" endline="126">loginFTPServer</referencedby>
      </memberdef>
      <memberdef kind="function" id="simple__ftp__client_8h_1ab1da047c9727104381983f9a23399792" prot="public" static="no" const="no" explicit="no" inline="no" virt="non-virtual">
        <type>bool</type>
        <definition>bool loginFTPServer</definition>
        <argsstring>(String username, String password)</argsstring>
        <name>loginFTPServer</name>
        <param>
          <type>String</type>
          <declname>username</declname>
        </param>
        <param>
          <type>String</type>
          <declname>password</declname>
        </param>
        <briefdescription>
<para>This function sends login sequence to ftp serce. </para>
        </briefdescription>
        <detaileddescription>
<para>sends login sequeto ftp server and return status of login</para>
<para><parameterlist kind="param"><parameteritem>
<parameternamelist>
<parametername>username</parametername>
</parameternamelist>
<parameterdescription>
<para>username for login </para>
</parameterdescription>
</parameteritem>
<parameteritem>
<parameternamelist>
<parametername>password</parametername>
</parameternamelist>
<parameterdescription>
<para>password for login</para>
</parameterdescription>
</parameteritem>
</parameterlist>
<simplesect kind="return"><para>if login success then true / if login fails then false </para>
</simplesect>
</para>
        </detaileddescription>
        <inbodydescription>
        </inbodydescription>
        <location file="C:/Users/Dhananjay/Documents/Arduino/ESP32FTP_FILE_TRANSFER/simple_ftp_client.h" line="55" column="1" bodyfile="C:/Users/Dhananjay/Documents/Arduino/ESP32FTP_FILE_TRANSFER/simple_ftp_client.cpp" bodystart="112" bodyend="126"/>
        <references refid="simple__ftp__client_8cpp_1a6af65732e5b7c485775c7c49a1532fa8" compoundref="simple__ftp__client_8cpp" startline="23" endline="29">ftpflush</references>
        <references refid="simple__ftp__client_8cpp_1a3467a2360ec6e25ec7e2655dc12d3bbd" compoundref="simple__ftp__client_8cpp" startline="77" endline="101">sendFTPCommand</references>
      </memberdef>
      <memberdef kind="function" id="simple__ftp__client_8h_1a31d00d333d4f26f7b8925f99df4331be" prot="public" static="no" const="no" explicit="no" inline="no" virt="non-virtual">
        <type>void</type>
        <definition>void readFTPResponse</definition>
        <argsstring>()</argsstring>
        <name>readFTPResponse</name>
        <briefdescription>
<para>This function read responce comming from ftp server. </para>
        </briefdescription>
        <detaileddescription>
<para>read responses from ftp server and stores it in buffre <emphasis>recvBuf</emphasis> </para>
<para><simplesect kind="return"><para>void </para>
</simplesect>
</para>
        </detaileddescription>
        <inbodydescription>
        </inbodydescription>
        <location file="C:/Users/Dhananjay/Documents/Arduino/ESP32FTP_FILE_TRANSFER/simple_ftp_client.h" line="56" column="1" bodyfile="C:/Users/Dhananjay/Documents/Arduino/ESP32FTP_FILE_TRANSFER/simple_ftp_client.cpp" bodystart="51" bodyend="66"/>
      </memberdef>
      <memberdef kind="function" id="simple__ftp__client_8h_1a65a5e35dc8809616c3712b8fc09d4c65" prot="public" static="no" const="no" explicit="no" inline="no" virt="non-virtual">
        <type>bool</type>
        <definition>bool parseFTPDataPort</definition>
        <argsstring>()</argsstring>
        <name>parseFTPDataPort</name>
        <briefdescription>
<para>This function parse data port send by ftp server. </para>
        </briefdescription>
        <detaileddescription>
<para>parse data port used for transfer data from ftp server and stores it in <emphasis>DataPort</emphasis> </para>
<para><simplesect kind="return"><para>if parse success then true / if parse fails then false </para>
</simplesect>
</para>
        </detaileddescription>
        <inbodydescription>
        </inbodydescription>
        <location file="C:/Users/Dhananjay/Documents/Arduino/ESP32FTP_FILE_TRANSFER/simple_ftp_client.h" line="57" column="1" bodyfile="C:/Users/Dhananjay/Documents/Arduino/ESP32FTP_FILE_TRANSFER/simple_ftp_client.cpp" bodystart="134" bodyend="155"/>
        <references refid="simple__ftp__client_8h_1a01af47afac12d1167720ebd27e9445a6">DataPort</references>
        <referencedby refid="simple__ftp__client_8h_1ae57fda49e235dfe4a092e2f55bb72bc2" compoundref="simple__ftp__client_8cpp" startline="161" endline="169">initFileDownloadSequence</referencedby>
      </memberdef>
      <memberdef kind="function" id="simple__ftp__client_8h_1ae57fda49e235dfe4a092e2f55bb72bc2" prot="public" static="no" const="no" explicit="no" inline="no" virt="non-virtual">
        <type>bool</type>
        <definition>bool initFileDownloadSequence</definition>
        <argsstring>()</argsstring>
        <name>initFileDownloadSequence</name>
        <briefdescription>
<para>This function initialize file download sequence. </para>
        </briefdescription>
        <detaileddescription>
<para><simplesect kind="return"><para>if success then true / if fails then false </para>
</simplesect>
</para>
        </detaileddescription>
        <inbodydescription>
        </inbodydescription>
        <location file="C:/Users/Dhananjay/Documents/Arduino/ESP32FTP_FILE_TRANSFER/simple_ftp_client.h" line="58" column="1" bodyfile="C:/Users/Dhananjay/Documents/Arduino/ESP32FTP_FILE_TRANSFER/simple_ftp_client.cpp" bodystart="161" bodyend="169"/>
        <references refid="simple__ftp__client_8cpp_1a65a5e35dc8809616c3712b8fc09d4c65" compoundref="simple__ftp__client_8cpp" startline="134" endline="155">parseFTPDataPort</references>
        <references refid="simple__ftp__client_8cpp_1a3467a2360ec6e25ec7e2655dc12d3bbd" compoundref="simple__ftp__client_8cpp" startline="77" endline="101">sendFTPCommand</references>
        <referencedby refid="simple__ftp__client_8h_1a640d7b20175be6e56583013070de4b32" compoundref="simple__ftp__client_8cpp" startline="180" endline="245">downloadFileFromFTP</referencedby>
      </memberdef>
      <memberdef kind="function" id="simple__ftp__client_8h_1a640d7b20175be6e56583013070de4b32" prot="public" static="no" const="no" explicit="no" inline="no" virt="non-virtual">
        <type>bool</type>
        <definition>bool downloadFileFromFTP</definition>
        <argsstring>(String path)</argsstring>
        <name>downloadFileFromFTP</name>
        <param>
          <type>String</type>
          <declname>path</declname>
        </param>
        <briefdescription>
<para>This function download file from ftp server(Using socket api) </para>
        </briefdescription>
        <detaileddescription>
<para>function download file from ftp server. before calling this function you have to connect to ftp saerver then login using <ref refid="simple__ftp__client_8cpp_1a5192a8a563617aa2a3acb192ae6d7115" kindref="member">connectToFTPServer()</ref> and <ref refid="simple__ftp__client_8cpp_1ab1da047c9727104381983f9a23399792" kindref="member">loginFTPServer()</ref> functions</para>
<para><parameterlist kind="param"><parameteritem>
<parameternamelist>
<parametername>path</parametername>
</parameternamelist>
<parameterdescription>
<para>path of file on ftp folder</para>
</parameterdescription>
</parameteritem>
</parameterlist>
<simplesect kind="return"><para>true if success / false if fails </para>
</simplesect>
</para>
        </detaileddescription>
        <inbodydescription>
        </inbodydescription>
        <location file="C:/Users/Dhananjay/Documents/Arduino/ESP32FTP_FILE_TRANSFER/simple_ftp_client.h" line="59" column="1" bodyfile="C:/Users/Dhananjay/Documents/Arduino/ESP32FTP_FILE_TRANSFER/simple_ftp_client.cpp" bodystart="180" bodyend="245"/>
        <references refid="simple__ftp__client_8h_1a01af47afac12d1167720ebd27e9445a6">DataPort</references>
        <references refid="simple__ftp__client_8h_1a1c2046dcb30a629d6d9f45ff8f403f12">host</references>
        <references refid="simple__ftp__client_8cpp_1ae57fda49e235dfe4a092e2f55bb72bc2" compoundref="simple__ftp__client_8cpp" startline="161" endline="169">initFileDownloadSequence</references>
      </memberdef>
      <memberdef kind="function" id="simple__ftp__client_8h_1a983c9cc145054b9d504bec8548b99356" prot="public" static="no" const="no" explicit="no" inline="no" virt="non-virtual">
        <type>bool</type>
        <definition>bool getFile</definition>
        <argsstring>(String path)</argsstring>
        <name>getFile</name>
        <param>
          <type>String</type>
          <declname>path</declname>
        </param>
        <briefdescription>
<para>This function download file from ftp server (Using wifi client api) </para>
        </briefdescription>
        <detaileddescription>
<para>function download file from ftp server. before calling this function you have to connect to ftp saerver then login using <ref refid="simple__ftp__client_8cpp_1a5192a8a563617aa2a3acb192ae6d7115" kindref="member">connectToFTPServer()</ref> and <ref refid="simple__ftp__client_8cpp_1ab1da047c9727104381983f9a23399792" kindref="member">loginFTPServer()</ref> functions</para>
<para><parameterlist kind="param"><parameteritem>
<parameternamelist>
<parametername>path</parametername>
</parameternamelist>
<parameterdescription>
<para>path of file on ftp folder</para>
</parameterdescription>
</parameteritem>
</parameterlist>
<simplesect kind="return"><para>true if success / false if fails </para>
</simplesect>
</para>
        </detaileddescription>
        <inbodydescription>
        </inbodydescription>
        <location file="C:/Users/Dhananjay/Documents/Arduino/ESP32FTP_FILE_TRANSFER/simple_ftp_client.h" line="60" column="1" bodyfile="C:/Users/Dhananjay/Documents/Arduino/ESP32FTP_FILE_TRANSFER/simple_ftp_client.cpp" bodystart="256" bodyend="298"/>
      </memberdef>
      </sectiondef>
    <briefdescription>
<para>Function prototypes for ftp client library. </para>
    </briefdescription>
    <detaileddescription>
<para>This contains the prototypes for the ftp client library and eventually any macros, constants, or global variables you will need.</para>
<para><simplesect kind="author"><para>Dhananjay Khairnar </para>
</simplesect>
</para>
    </detaileddescription>
    <programlisting>
<codeline lineno="1"></codeline>
<codeline lineno="11"><highlight class="preprocessor">#ifndef<sp/>__SIMPLE_FTP_CLIENT_H</highlight><highlight class="normal"></highlight></codeline>
<codeline lineno="12"><highlight class="normal"></highlight><highlight class="preprocessor">#define<sp/>__SIMPLE_FTP_CLIENT_H</highlight><highlight class="normal"></highlight></codeline>
<codeline lineno="13"><highlight class="normal"></highlight><highlight class="preprocessor">#include<sp/>&lt;Arduino.h&gt;</highlight><highlight class="normal"></highlight></codeline>
<codeline lineno="14"><highlight class="normal"></highlight><highlight class="preprocessor">#include<sp/>&lt;WiFi.h&gt;</highlight><highlight class="normal"></highlight></codeline>
<codeline lineno="15"><highlight class="normal"></highlight><highlight class="preprocessor">#include<sp/>&lt;lwip/sockets.h&gt;</highlight><highlight class="normal"></highlight></codeline>
<codeline lineno="16"><highlight class="normal"></highlight></codeline>
<codeline lineno="18" refid="simple__ftp__client_8h_1a1ffea06febf575b95a891ff135330622" refkind="member"><highlight class="preprocessor">#define<sp/>FTP_Log</highlight><highlight class="normal"></highlight></codeline>
<codeline lineno="19"><highlight class="normal"></highlight></codeline>
<codeline lineno="20"><highlight class="normal"></highlight><highlight class="preprocessor">#ifdef<sp/>FTP_Log</highlight><highlight class="normal"></highlight></codeline>
<codeline lineno="21"><highlight class="normal"></highlight><highlight class="preprocessor">#define<sp/>FTPLog(...)<sp/>Serial.print(__VA_ARGS__)</highlight><highlight class="normal"></highlight></codeline>
<codeline lineno="22"><highlight class="normal"></highlight><highlight class="preprocessor">#define<sp/>FTPLogLn(...)<sp/>Serial.println(__VA_ARGS__)</highlight><highlight class="normal"></highlight></codeline>
<codeline lineno="23"><highlight class="normal"></highlight><highlight class="preprocessor">#define<sp/>FTPLogF(...)<sp/>Serial.printf(__VA_ARGS__)</highlight><highlight class="normal"></highlight></codeline>
<codeline lineno="24"><highlight class="normal"></highlight><highlight class="preprocessor">#else</highlight><highlight class="normal"></highlight></codeline>
<codeline lineno="25"><highlight class="normal"></highlight><highlight class="preprocessor">#define<sp/>FTPLog(...)</highlight><highlight class="normal"></highlight></codeline>
<codeline lineno="26"><highlight class="normal"></highlight><highlight class="preprocessor">#define<sp/>FTPLogLn(...)</highlight><highlight class="normal"></highlight></codeline>
<codeline lineno="27"><highlight class="normal"></highlight><highlight class="preprocessor">#define<sp/>FTPLogF(...)</highlight><highlight class="normal"></highlight></codeline>
<codeline lineno="28"><highlight class="normal"></highlight><highlight class="preprocessor">#endif</highlight><highlight class="normal"></highlight></codeline>
<codeline lineno="29"><highlight class="normal"></highlight></codeline>
<codeline lineno="30"><highlight class="normal"></highlight><highlight class="preprocessor">#define<sp/>DELAY_BETWEEN_COMMAND<sp/>200<sp/>//ms</highlight><highlight class="normal"></highlight></codeline>
<codeline lineno="31"><highlight class="normal"></highlight></codeline>
<codeline lineno="33" refid="simple__ftp__client_8h_1ad4913858d3ca85dc4b1dbd93541c9966" refkind="member"><highlight class="keyword">typedef</highlight><highlight class="normal"><sp/></highlight><highlight class="keyword">enum</highlight><highlight class="normal"><sp/><ref refid="simple__ftp__client_8h_1ad4913858d3ca85dc4b1dbd93541c9966" kindref="member">EN_FTPResCode</ref><sp/>{</highlight></codeline>
<codeline lineno="34"><highlight class="normal"><sp/><sp/>OPENING_FILE<sp/>=<sp/>150,</highlight></codeline>
<codeline lineno="35"><highlight class="normal"><sp/><sp/>LOGIN_SUCCESS<sp/>=<sp/>230,</highlight></codeline>
<codeline lineno="36"><highlight class="normal"><sp/><sp/>FILE_NOT_FOUND<sp/>=<sp/>550</highlight></codeline>
<codeline lineno="37"><highlight class="normal">}<sp/><ref refid="simple__ftp__client_8h_1ad4913858d3ca85dc4b1dbd93541c9966" kindref="member">EN_FTPResCode</ref>;</highlight></codeline>
<codeline lineno="38"><highlight class="normal"></highlight></codeline>
<codeline lineno="39"><highlight class="normal"></highlight><highlight class="comment">/*</highlight></codeline>
<codeline lineno="40"><highlight class="comment"><sp/><sp/><sp/>Variable<sp/>expose<sp/>form<sp/>simple_ftp_client.cpp</highlight></codeline>
<codeline lineno="41"><highlight class="comment">*/</highlight></codeline>
<codeline lineno="43"><highlight class="keyword">extern</highlight><highlight class="normal"><sp/></highlight><highlight class="keywordtype">char</highlight><highlight class="normal">*<sp/><ref refid="simple__ftp__client_8h_1a1c2046dcb30a629d6d9f45ff8f403f12" kindref="member">host</ref>;</highlight></codeline>
<codeline lineno="45"><highlight class="keyword">extern</highlight><highlight class="normal"><sp/></highlight><highlight class="keywordtype">unsigned</highlight><highlight class="normal"><sp/></highlight><highlight class="keywordtype">int</highlight><highlight class="normal"><sp/><ref refid="simple__ftp__client_8h_1ad557241f04cb5be02a382bfc05dde5c4" kindref="member">ftpPort</ref>;</highlight></codeline>
<codeline lineno="47"><highlight class="keyword">extern</highlight><highlight class="normal"><sp/></highlight><highlight class="keywordtype">unsigned</highlight><highlight class="normal"><sp/></highlight><highlight class="keywordtype">int</highlight><highlight class="normal"><sp/><ref refid="simple__ftp__client_8h_1a01af47afac12d1167720ebd27e9445a6" kindref="member">DataPort</ref>;</highlight></codeline>
<codeline lineno="48"><highlight class="normal"></highlight></codeline>
<codeline lineno="49"><highlight class="normal"></highlight></codeline>
<codeline lineno="50"><highlight class="normal"></highlight><highlight class="comment">/*</highlight></codeline>
<codeline lineno="51"><highlight class="comment"><sp/><sp/><sp/>Function<sp/>prototypes<sp/>for<sp/>simple_ftp_client.cpp</highlight></codeline>
<codeline lineno="52"><highlight class="comment">*/</highlight><highlight class="normal"></highlight></codeline>
<codeline lineno="53"><highlight class="normal"></highlight><highlight class="keywordtype">bool</highlight><highlight class="normal"><sp/><ref refid="simple__ftp__client_8h_1a5192a8a563617aa2a3acb192ae6d7115" kindref="member">connectToFTPServer</ref>();</highlight></codeline>
<codeline lineno="54"><highlight class="normal">uint8_t<sp/><ref refid="simple__ftp__client_8h_1a3467a2360ec6e25ec7e2655dc12d3bbd" kindref="member">sendFTPCommand</ref>(String<sp/>cmd);</highlight></codeline>
<codeline lineno="55"><highlight class="normal"></highlight><highlight class="keywordtype">bool</highlight><highlight class="normal"><sp/><ref refid="simple__ftp__client_8h_1ab1da047c9727104381983f9a23399792" kindref="member">loginFTPServer</ref>(String<sp/>username<sp/>,<sp/>String<sp/>password);</highlight></codeline>
<codeline lineno="56"><highlight class="normal"></highlight><highlight class="keywordtype">void</highlight><highlight class="normal"><sp/><ref refid="simple__ftp__client_8h_1a31d00d333d4f26f7b8925f99df4331be" kindref="member">readFTPResponse</ref>();</highlight></codeline>
<codeline lineno="57"><highlight class="normal"></highlight><highlight class="keywordtype">bool</highlight><highlight class="normal"><sp/><ref refid="simple__ftp__client_8h_1a65a5e35dc8809616c3712b8fc09d4c65" kindref="member">parseFTPDataPort</ref>();</highlight></codeline>
<codeline lineno="58"><highlight class="normal"></highlight><highlight class="keywordtype">bool</highlight><highlight class="normal"><sp/><ref refid="simple__ftp__client_8h_1ae57fda49e235dfe4a092e2f55bb72bc2" kindref="member">initFileDownloadSequence</ref>();</highlight></codeline>
<codeline lineno="59"><highlight class="normal"></highlight><highlight class="keywordtype">bool</highlight><highlight class="normal"><sp/><ref refid="simple__ftp__client_8h_1a640d7b20175be6e56583013070de4b32" kindref="member">downloadFileFromFTP</ref>(String<sp/>path);</highlight></codeline>
<codeline lineno="60"><highlight class="normal"></highlight><highlight class="keywordtype">bool</highlight><highlight class="normal"><sp/><ref refid="simple__ftp__client_8h_1a983c9cc145054b9d504bec8548b99356" kindref="member">getFile</ref>(String<sp/>path);</highlight></codeline>
<codeline lineno="61"><highlight class="normal"></highlight><highlight class="preprocessor">#endif</highlight></codeline>
    </programlisting>
    <location file="C:/Users/Dhananjay/Documents/Arduino/ESP32FTP_FILE_TRANSFER/simple_ftp_client.h"/>
  </compounddef>
</doxygen>
